point_id,wash,concentration,actual_phase,pred_phase,phase_confidence,distance_to_nearest,p_amorphous,p_sodalite,p_diamondoid,p_u12,p_u13,p_zif_ec_1,p_zif_c,p_zif_l,pred_ee_mean,actual_ee_mean,pred_ee_std,actual_ee_std,pred_lc_percent,actual_lc_percent,pred_crystalline_mean,actual_crystalline_mean,pred_crystalline_std,actual_crystalline_std,pred_amorphous_mean,actual_amorphous_mean,pred_amorphous_std,actual_amorphous_std,pred_atr_ratio,actual_atr_ratio
100_01_EW,ethanol,100.0,Amorphous,Sodalite,0.5509733784882931,0.20203050891044216,0.44902662151170697,0.5509733784882931,0.0,0.0,0.0,0.0,0.0,0.0,57.60243439999928,94.516,3.3275696460766317,3.232,80.38372322621183,,0.14455759777794217,0.0,0.026482468264326032,0.0,0.8554424022220579,1.0,0.02648246826432602,0.0,0.5116570344969958,0.7615
100_01_WW,water,100.0,Amorphous,Amorphous,0.722798257768464,0.20203050891044216,0.722798257768464,0.13066158415808612,0.0,0.0,0.0,0.0,0.1465401580734498,0.0,52.65371205104913,90.512,3.655450298701977,0.746,64.8214843342209,,0.05459166750418233,0.0,0.006506418620783916,0.0,0.9454083324958178,1.0,0.006506418620783913,0.0,0.5698337246281844,1.0
100_02_EW,ethanol,100.0,Amorphous,Sodalite,0.4972066530977523,0.20203050891044208,0.4436386375229053,0.4972066530977523,0.0,0.0,0.05915470937934239,0.0,0.0,0.0,60.13401650456812,92.858,3.700998093157201,2.498,84.87172733666856,,0.13004776076991204,0.0,0.028423845147293337,0.0,0.869952239230088,1.0,0.028423845147293323,0.0,0.6003620239393048,0.7596
100_02_WW,water,100.0,Amorphous,Amorphous,0.6835854591501214,0.20203050891044208,0.6835854591501214,0.06781121430100247,0.0,0.0,0.0,0.0,0.24860332654887618,0.0,50.35373237656036,86.854,3.6854469018257845,3.267,66.07155654286404,,0.05862353534642338,0.0,0.007405010639133444,0.0,0.9413764646535767,1.0,0.007405010639133447,0.0,0.6022319801695519,1.0
100_03_EW,ethanol,100.0,Amorphous,Sodalite,0.5601687637384923,0.20203050891044208,0.2605907204211669,0.5601687637384923,0.0,0.0,0.1792405158403409,0.0,0.0,0.0,52.355253894573096,96.264,4.318481573174489,1.344,86.72647116987942,,0.1606161545331449,0.0,0.03803188083379076,0.0,0.8393838454668554,1.0,0.03803188083379075,0.0,0.5910731337306906,0.9963
100_03_WW,water,100.0,Amorphous,Amorphous,0.6415189683193181,0.20203050891044208,0.6415189683193181,0.0,0.0,0.0,0.0,0.0,0.35848103168068185,0.0,47.60564517965634,91.402,3.6140274866731263,3.373,68.18722563665771,,0.05386090619139235,0.0,0.006828761446992582,0.0,0.946139093808608,1.0,0.006828761446992595,0.0,0.6414836856323164,0.993
100_04_EW,ethanol,100.0,U13,Sodalite,0.4929395197192222,0.20203050891044214,0.1792405158403409,0.4929395197192222,0.0,0.0,0.327819964440437,0.0,0.0,0.0,51.41141412938617,90.797,4.941330495985907,2.239,83.54561693975005,88.0,0.17789287795519865,0.22675028016889734,0.05625836076891749,0.033500701796398503,0.8221071220448014,0.7732497198311027,0.05625836076891748,0.03350070179639861,0.6748941020132944,0.8519
100_04_WW,water,100.0,Amorphous,Amorphous,0.6190717521018487,0.20203050891044214,0.6190717521018487,0.0,0.0,0.0,0.0,0.0,0.38092824789815144,0.0,45.470170592284404,87.348,3.3188693400309477,1.945,68.17589778422236,,0.0659303082088621,0.0,0.00618164201892153,0.0,0.934069691791138,1.0,0.006181642018921539,0.0,0.6838613549613148,1.0
100_05_EW,ethanol,100.0,U13,U13,0.6863009961211188,0.20203050891044214,0.0,0.3136990038788813,0.0,0.0,0.6863009961211188,0.0,0.0,0.0,45.67721096728595,76.456,3.6974826527363103,8.245,77.44388122284887,77.0,0.21526028438590408,0.2742626643259421,0.048377836543217076,0.07632642501235634,0.7847397156140961,0.725737335674058,0.048377836543217076,0.07632642501235636,0.7004921824270993,0.7401
100_05_WW,water,100.0,Amorphous,Amorphous,0.7983122679421895,0.20203050891044214,0.7983122679421895,0.0,0.0,0.0,0.0,0.0,0.20168773205781051,0.0,43.039964688029926,77.956,3.749777335065078,1.788,72.33333333333334,,0.042827936727702326,0.0,0.007522213115462035,0.0,0.9571720632722975,1.0,0.0075222131154620425,0.0,0.7230539076589904,1.0
100_06_EW,ethanol,100.0,U13,U13,0.8655415119614598,0.20203050891044208,0.0,0.13445848803854032,0.0,0.0,0.8655415119614598,0.0,0.0,0.0,35.51626805943602,45.267,4.663708119424713,1.087,73.52815736768565,37.0,0.2597839092820676,0.2553003723360165,0.0542747643400291,0.023354082876487384,0.7402160907179327,0.7446996276639836,0.0542747643400291,0.023354082876487447,0.6865532610167537,0.8731
100_06_WW,water,100.0,Amorphous,Amorphous,0.9327707559807299,0.20203050891044208,0.9327707559807299,0.0,0.0,0.0,0.06722924401927016,0.0,0.0,0.0,35.82881090953088,64.313,3.7388408535160584,3.825,57.0,,0.015574163621636349,0.0,0.0016579501639670828,0.0,0.9844258363783641,1.0,0.001657950163967087,0.0,0.7769860220672244,1.0
100_07_EW,ethanol,100.0,U13,U13,0.9408452906206576,0.20203050891044208,0.0,0.05915470937934239,0.0,0.0,0.9408452906206576,0.0,0.0,0.0,24.501096027354507,15.6,4.3640882514511565,8.889,66.33580011132696,42.0,0.2939775430713478,0.3677568940907932,0.049877259086300696,0.07581237701437187,0.7060224569286522,0.6322431059092068,0.04987725908630067,0.07581237701437188,0.6421888174627843,0.7918
100_07_WW,water,100.0,Amorphous,Amorphous,0.7965663570969926,0.20203050891044208,0.7965663570969926,0.0,0.0,0.0,0.20343364290300736,0.0,0.0,0.0,31.54725505239827,33.27,3.4004552765108884,3.463,47.999641679980655,,0.044633352030319776,0.0,0.005659849978704673,0.0,0.9553666479696803,1.0,0.00565984997870468,0.0,0.7220570871579082,1.0
100_08_EW,ethanol,100.0,Sodalite,Sodalite,0.5706045612032501,0.20203050891044208,0.4293954387967498,0.5706045612032501,0.0,0.0,0.0,0.0,0.0,0.0,56.142700562299375,33.526,3.6660744719627836,7.301,80.2769213220643,86.0,0.1545064931489695,0.23200104784598638,0.02927571923243613,0.04307793411845168,0.8454935068510306,0.7679989521540137,0.029275719232436128,0.043077934118451594,0.48792735928997155,0.3946
100_08_WW,water,100.0,Amorphous,Amorphous,0.5792610661249101,0.20203050891044208,0.5792610661249101,0.23994682162721612,0.0,0.0,0.0,0.0,0.18079211224787373,0.0,49.03403750736277,25.064,3.89752261350378,2.517,59.936154749340275,,0.10289851185305657,0.0,0.01363781707938813,0.0,0.8971014881469433,1.0,0.013637817079388123,0.0,0.5556072452995408,0.2133
100_09_EW,ethanol,100.0,Sodalite,Sodalite,0.7326896145632642,0.20203050891044208,0.26731038543673585,0.7326896145632642,0.0,0.0,0.0,0.0,0.0,0.0,45.932887076880206,20.53,4.737812782121023,3.405,80.56095878267328,89.0,0.20068944408558123,0.23504128810035715,0.040821211408597624,0.061596501141498956,0.7993105559144189,0.7649587118996428,0.04082121140859761,0.061596501141498866,0.43288068529496976,0.2509
100_09_WW,water,100.0,ZIF-C,Amorphous,0.5963236544015321,0.20203050891044208,0.5963236544015321,0.16450663448239813,0.0,0.0,0.0,0.0,0.2391697111160699,0.0,44.2454682381809,1.93,4.356965373354259,3.645,65.56280354089483,65.0,0.080377343480896,0.1374666995368423,0.008424245496955305,0.02494881655800099,0.9196226565191041,0.8625333004631578,0.008424245496955309,0.024948816558001012,0.4841880923110272,0.6374
100_10_EW,ethanol,100.0,Sodalite,Sodalite,0.6092838475071434,0.20203050891044214,0.22620951801045855,0.6092838475071434,0.0,0.0,0.16450663448239813,0.0,0.0,0.0,52.31230263198978,30.747,3.876204737671136,12.543,79.6151742369866,99.0,0.2077434072615103,0.17593290822056973,0.04863177299562478,0.04661992891118404,0.7922565927384899,0.8240670917794303,0.04863177299562478,0.046619928911184,0.4929789356766389,0.8236
100_10_WW,water,100.0,ZIF-C,Amorphous,0.47291788734541124,0.20203050891044214,0.47291788734541124,0.06170288352806045,0.0,0.0,0.0,0.0,0.4653792291265284,0.0,36.742052734466746,7.565,4.224820544806537,6.975,66.02331463822163,74.0,0.09922884386797447,0.14597331811174152,0.00765207711974033,0.024494016397013627,0.9007711561320256,0.8540266818882585,0.007652077119740329,0.02449401639701368,0.4738186373793713,0.4837
100_11_EW,ethanol,100.0,Sodalite,Sodalite,0.6298858636089266,0.20203050891044214,0.0,0.6298858636089266,0.0,0.0,0.3701141363910735,0.0,0.0,0.0,38.44488896292294,16.049,6.0304065135693055,5.083,75.48443242145485,83.0,0.2615965645753497,0.20729367961414905,0.05321768792185088,0.08752247951240343,0.7384034354246506,0.792706320385851,0.0532176879218509,0.08752247951240344,0.44178046234405444,0.4835
100_11_WW,water,100.0,Amorphous,ZIF-C,0.5064800965528058,0.20203050891044214,0.4935199034471944,0.0,0.0,0.0,0.0,0.0,0.5064800965528058,0.0,35.28992838979091,6.28,4.423949879961585,1.975,65.87511511758895,,0.10331632682870204,0.0,0.014169526569856232,0.0,0.8966836731712979,1.0,0.014169526569856235,0.0,0.5370941901662694,0.3372
100_12_EW,ethanol,100.0,U13,U13,0.5681829800808662,0.20203050891044214,0.0,0.431817019919134,0.0,0.0,0.5681829800808662,0.0,0.0,0.0,35.743485440574034,16.855,5.002487005848584,0.864,64.2900806484288,84.0,0.2802158404072941,0.18554993343106094,0.060815403822684265,0.06818223596126956,0.719784159592706,0.8144500665689391,0.060815403822684265,0.0681822359612695,0.489834498511928,0.7559
100_12_WW,water,100.0,Amorphous,Amorphous,0.7120875984614811,0.20203050891044214,0.7120875984614811,0.0,0.0,0.0,0.0,0.0,0.287912401538519,0.0,31.514178553739672,8.508,4.514350558907819,3.263,57.641858965660404,,0.07111585640396192,0.0,0.013210952867846279,0.0,0.9288841435960381,1.0,0.013210952867846279,0.0,0.5433325571432581,0.9802
100_13_EW,ethanol,100.0,U13,U13,0.8354933655176019,0.20203050891044208,0.0,0.1645066344823981,0.0,0.0,0.8354933655176019,0.0,0.0,0.0,20.580527320358765,14.346,4.852859771197629,3.709,61.62141737028033,85.0,0.286841768639493,0.20015395978015263,0.05324790107584112,0.049080173885079494,0.7131582313605072,0.7998460402198474,0.05324790107584111,0.04908017388507946,0.585236974525627,0.603
100_13_WW,water,100.0,Amorphous,Amorphous,0.740228272782147,0.20203050891044208,0.740228272782147,0.0,0.0,0.0,0.13636596016173225,0.0,0.12340576705612087,0.0,23.84244659879976,3.709,4.106920595408616,5.635,48.1708964023472,,0.051155109552024125,0.0,0.008886364111332933,0.0,0.9488448904479759,1.0,0.008886364111332937,0.0,0.6243039059647763,0.7509
100_14_EW,ethanol,100.0,U13,U13,0.8643775713979951,0.20203050891044208,0.0,0.13562242860200494,0.0,0.0,0.8643775713979951,0.0,0.0,0.0,19.097226047437452,15.152,5.162896018848402,4.116,60.419909848736985,74.0,0.2983281258739254,0.2332494096514012,0.06255767586564942,0.020829223155716097,0.7016718741260747,0.7667505903485988,0.06255767586564939,0.02082922315571608,0.5979988517480667,0.4104
100_14_WW,water,100.0,Amorphous,Amorphous,0.7823231583708372,0.20203050891044208,0.7823231583708372,0.0,0.0,0.0,0.2176768416291628,0.0,0.0,0.0,23.399812573422224,9.246,3.5283413849073497,7.369,48.70763329537339,,0.047714388398187625,0.0,0.006047102790050487,0.0,0.9522856116018124,1.0,0.006047102790050494,0.0,0.6080618863302961,0.8465
100_15_EW,ethanol,100.0,Sodalite,Sodalite,0.9327707559807297,0.20203050891044208,0.06722924401927018,0.9327707559807297,0.0,0.0,0.0,0.0,0.0,0.0,33.30240172168951,25.639,4.341145522223389,4.737,76.2520503111908,67.0,0.28515279491857043,0.3873152046237025,0.05220280820525036,0.07754472408371779,0.7148472050814298,0.6126847953762974,0.052202808205250334,0.07754472408371782,0.2580595735539326,0.0413
100_15_WW,water,100.0,Sodalite,Amorphous,0.425710275699952,0.20203050891044208,0.425710275699952,0.327819964440437,0.0,0.0,0.0,0.0,0.2464697598596111,0.0,24.351841181583534,11.272,4.235795242796684,6.921,60.1299949942272,53.0,0.1380758537664491,0.32115103895632485,0.024529905143841922,0.029259214661252524,0.8619241462335512,0.6788489610436751,0.024529905143841922,0.029259214661252468,0.29420027987456443,0.1014
100_16_EW,ethanol,100.0,Sodalite,Sodalite,1.0,0.20203050891044214,0.0,1.0,0.0,0.0,0.0,0.0,0.0,0.0,30.150371259739867,27.521,4.973636577870996,2.088,71.05261540153572,78.0,0.3388181171960691,0.3588733352488919,0.0732447330213699,0.009264460770206854,0.661181882803931,0.6411266647511082,0.0732447330213699,0.009264460770206847,0.21144457581760345,0.1165
100_16_WW,water,100.0,Amorphous,Sodalite,0.43181701991913396,0.20203050891044214,0.13636596016173225,0.43181701991913396,0.0,0.0,0.0,0.0,0.4318170199191339,0.0,14.959974006267943,16.463,4.3191085697477245,7.964,57.04723224330302,,0.22041192308105295,0.0,0.026186279671863048,0.0,0.7795880769189472,1.0,0.02618627967186303,0.0,0.25185103350525084,0.1324
100_17_EW,ethanol,100.0,Sodalite,Sodalite,0.8765942329438792,0.20203050891044214,0.0,0.8765942329438792,0.0,0.0,0.1234057670561209,0.0,0.0,0.0,29.537209486856707,33.436,5.245526916939165,5.46,71.32271394018753,61.0,0.3151685691436628,0.4265397454250652,0.05794424065541707,0.13596978562548728,0.6848314308563375,0.5734602545749349,0.05794424065541707,0.13596978562548728,0.2837486717544963,0.0479
100_17_WW,water,100.0,ZIF-C,ZIF-C,0.44477721302474527,0.20203050891044214,0.3290132689647963,0.22620951801045858,0.0,0.0,0.0,0.0,0.44477721302474527,0.0,21.73336245797844,20.615,4.636977255972123,6.129,59.42616478900369,62.0,0.14886089406125788,0.23141600402742082,0.022913588000359406,0.016243318973319657,0.8511391059387422,0.7685839959725792,0.022913588000359406,0.016243318973319577,0.30033232123155307,0.1228
100_18_EW,ethanol,100.0,Sodalite,Sodalite,0.7737904819895415,0.20203050891044214,0.0,0.7737904819895415,0.0,0.0,0.22620951801045858,0.0,0.0,0.0,29.207991711059286,25.997,4.780486816626311,8.589,62.58382816162427,46.0,0.3373058272018719,0.31714484761035255,0.08727990765776243,0.0429404768254958,0.6626941727981284,0.6828551523896474,0.08727990765776243,0.04294047682549572,0.2567656552679557,0.0512
100_18_WW,water,100.0,ZIF-C,ZIF-C,0.5064800965528057,0.20203050891044214,0.37011413639107354,0.1234057670561209,0.0,0.0,0.0,0.0,0.5064800965528057,0.0,22.047387785570034,7.367,4.4208531699509,6.824,50.53906090614727,66.0,0.12633892015387221,0.28304000979398464,0.017925405568444366,0.08276553421621875,0.873661079846128,0.7169599902060154,0.017925405568444353,0.0827655342162188,0.32021558611323403,0.1127
100_19_EW,ethanol,100.0,Sodalite,Sodalite,0.5681829800808662,0.20203050891044214,0.0,0.5681829800808662,0.0,0.0,0.43181701991913396,0.0,0.0,0.0,18.732377260951235,10.317,4.99055787262807,3.253,62.536222070319184,43.0,0.32154838866817936,0.2241004248730735,0.06542431148048,0.04490171161626712,0.6784516113318207,0.7758995751269264,0.06542431148047999,0.04490171161626717,0.24172158610944375,0.0782
100_19_WW,water,100.0,Amorphous,ZIF-C,0.5681829800808662,0.20203050891044214,0.43181701991913396,0.0,0.0,0.0,0.0,0.0,0.5681829800808662,0.0,15.228222781029253,8.949,5.125994636695908,5.638,47.556439029999794,,0.11457152461690277,0.0,0.02533996156592759,0.0,0.8854284753830972,1.0,0.02533996156592759,0.0,0.35624485541840956,0.2533
100_20_EW,ethanol,100.0,U13,Sodalite,0.5070604802807779,0.20203050891044208,0.0,0.5070604802807779,0.0,0.0,0.4929395197192222,0.0,0.0,0.0,15.910045558446111,11.59,4.527522120440566,8.075,60.15926914798185,73.0,0.287864266232716,0.3177778150025632,0.06303403804744323,0.13217389544946176,0.7121357337672843,0.6822221849974369,0.06303403804744322,0.1321738954494617,0.37742305602375065,0.086
100_20_WW,water,100.0,Amorphous,Amorphous,0.5518425080825785,0.20203050891044208,0.5518425080825785,0.0,0.0,0.0,0.13445848803854032,0.0,0.3136990038788812,0.0,15.98815679581029,8.652,5.410142780121003,2.691,46.52624213921666,,0.09238071486794944,0.0,0.018364457059051056,0.0,0.9076192851320508,1.0,0.018364457059051056,0.0,0.4799629491000915,0.3475
100_21_EW,ethanol,100.0,Sodalite,Sodalite,0.9999999999999998,0.20203050891044214,0.0,0.9999999999999998,0.0,0.0,0.0,0.0,0.0,0.0,32.332863145831105,9.772,4.620698501350907,0.568,67.67527360947554,44.0,0.37226068290998354,0.5040445191095028,0.06836050443198362,0.06104820388686704,0.6277393170900166,0.4959554808904973,0.06836050443198365,0.06104820388686709,0.08541100691415443,0.0306
100_21_WW,water,100.0,Sodalite,Sodalite,0.6190717521018487,0.20203050891044214,0.2464697598596111,0.6190717521018487,0.0,0.0,0.0,0.0,0.13445848803854032,0.0,24.654308232478705,3.215,4.426102554819673,3.661,53.921858143169715,37.0,0.22353486887575713,0.4870413763819876,0.03608631344975906,0.08260531690685004,0.776465131124243,0.5129586236180125,0.03608631344975904,0.08260531690684998,0.1506435902590402,0.0324
100_22_EW,ethanol,100.0,Sodalite,Sodalite,1.0,0.20203050891044214,0.0,1.0,0.0,0.0,0.0,0.0,0.0,0.0,31.76099958714964,57.036,5.219381121248568,2.89,60.674703801698946,68.0,0.3965872844163709,0.37462268526363274,0.05694478873151437,0.09434908247241697,0.6034127155836293,0.6253773147363674,0.05694478873151439,0.09434908247241695,0.10706583832153926,0.0885
100_22_WW,water,100.0,Sodalite,Sodalite,0.4318170199191339,0.20203050891044214,0.17746682758800947,0.4318170199191339,0.0,0.0,0.0,0.0,0.39071615249285674,0.0,27.16564870802165,21.357,4.203447214301996,5.663,51.85088540628139,61.0,0.23682426350144256,0.19556214330570243,0.03591810649355218,0.023305498665481716,0.7631757364985576,0.8044378566942975,0.03591810649355217,0.02330549866548166,0.12602146764269975,0.2371
100_23_EW,ethanol,100.0,Sodalite,Sodalite,1.0,0.20203050891044214,0.0,1.0,0.0,0.0,0.0,0.0,0.0,0.0,29.3928644756992,23.679,4.925548321049193,8.867,54.490783791451314,57.0,0.41080704202376267,0.462424022319102,0.08339992858378167,0.04508191895963876,0.5891929579762375,0.537575977680898,0.08339992858378166,0.045081918959638805,0.06978664798247448,0.0654
100_23_WW,water,100.0,ZIF-C,ZIF-C,0.44477721302474527,0.20203050891044214,0.1234057670561209,0.43181701991913396,0.0,0.0,0.0,0.0,0.44477721302474527,0.0,28.214480518872822,19.132,4.629812175744503,1.804,48.65294353548043,52.0,0.21928441047559766,0.16178522384619107,0.03144596974438908,0.012952712356168784,0.7807155895244023,0.8382147761538089,0.03144596974438907,0.012952712356168758,0.14003262692349627,0.1803
100_24_EW,ethanol,100.0,Sodalite,Sodalite,0.8765942329438792,0.20203050891044214,0.0,0.8765942329438792,0.0,0.0,0.12340576705612089,0.0,0.0,0.0,23.878271211707574,9.045,5.300292282064358,7.112,50.99220253655431,51.0,0.4042559709907945,0.5228312450096916,0.06618101946309722,0.14376296559375923,0.5957440290092058,0.4771687549903085,0.06618101946309721,0.14376296559375923,0.08770477750362096,0.0305
100_24_WW,water,100.0,ZIF-C,ZIF-C,0.547580963979083,0.20203050891044214,0.22620951801045858,0.16450663448239813,0.061702883528060436,0.0,0.0,0.0,0.547580963979083,0.0,25.372166051980393,21.801,4.312088061144472,4.954,42.69064488871047,43.0,0.17288818059618666,0.19518365271351437,0.032402605555380506,0.017039709834768043,0.8271118194038136,0.8048163472864857,0.03240260555538049,0.017039709834768046,0.18773277192699192,0.1649
100_25_EW,ethanol,100.0,Sodalite,Sodalite,0.820759484159659,0.20203050891044214,0.0,0.820759484159659,0.0,0.0,0.1792405158403409,0.0,0.0,0.0,24.50970148406538,4.5,4.898109865232312,5.568,51.93974668282404,56.0,0.38413022491350396,0.44988773039575797,0.08222566801437248,0.042198335008905935,0.6158697750864961,0.5501122696042421,0.08222566801437245,0.04219833500890595,0.09012264909633662,0.0359
100_25_WW,water,100.0,ZIF-C,ZIF-C,0.574289724300048,0.20203050891044214,0.35848103168068185,0.06722924401927018,0.0,0.0,0.0,0.0,0.574289724300048,0.0,25.338536953079455,6.082,5.285551158251737,4.152,44.34172007290416,32.0,0.13481664061877802,0.17820185330936003,0.025040447010288538,0.06178968615787124,0.8651833593812219,0.82179814669064,0.025040447010288527,0.06178968615787122,0.20396367256504588,0.1371
100_26_EW,ethanol,100.0,Sodalite,Sodalite,1.0,0.20203050891044214,0.0,1.0,0.0,0.0,0.0,0.0,0.0,0.0,35.15450027887845,16.589,3.913586886903815,3.973,55.772432790694396,41.0,0.41331270356976135,0.5135037845494196,0.07974034238530146,0.0264001373305736,0.5866872964302388,0.48649621545058047,0.07974034238530146,0.026400137330573566,0.059409089407813684,0.0187
100_26_WW,water,100.0,Sodalite,Sodalite,0.7983122679421895,0.20203050891044214,0.13445848803854032,0.7983122679421895,0.0,0.0,0.0,0.0,0.06722924401927018,0.0,32.196662879437305,13.101,3.632192413231339,1.975,42.81948114437066,31.0,0.2984086796027808,0.5595348886877338,0.054648653338850106,0.04661662468659663,0.7015913203972193,0.4404651113122662,0.054648653338850085,0.04661662468659663,0.08781889725949439,0.0266
100_27_EW,ethanol,100.0,Sodalite,Sodalite,1.0,0.20203050891044214,0.0,1.0,0.0,0.0,0.0,0.0,0.0,0.0,38.709952338004626,11.59,4.1596035279396295,4.778,51.57510129752189,65.0,0.45165405308625795,0.34339904539114025,0.07564637809365361,0.0946502493388012,0.5483459469137422,0.6566009546088597,0.0756463780936536,0.09465024933880127,0.050707785254008195,0.0407
100_27_WW,water,100.0,Sodalite,Sodalite,0.7120875984614811,0.20203050891044214,0.0,0.7120875984614811,0.0,0.0,0.0,0.0,0.287912401538519,0.0,31.42256535278186,56.305,3.9031348076846144,2.691,40.40574142771144,52.0,0.3272474573980991,0.19356479487323286,0.039879366981900394,0.03717121219941652,0.672752542601901,0.8064352051267671,0.039879366981900366,0.03717121219941655,0.10727433213807785,0.0541
100_28_EW,ethanol,100.0,Sodalite,Sodalite,1.0,0.20203050891044214,0.0,1.0,0.0,0.0,0.0,0.0,0.0,0.0,31.751939656110792,44.038,4.911652009789083,2.847,44.08018777629769,50.0,0.466767846009949,0.5080282321266215,0.08147587282567137,0.07540478357811421,0.5332321539900512,0.49197176787337854,0.08147587282567138,0.07540478357811416,0.027066840819232097,0.0357
100_28_WW,water,100.0,Sodalite,ZIF-C,0.6298858636089266,0.20203050891044214,0.0,0.26731038543673585,0.10280375095433768,0.0,0.0,0.0,0.6298858636089266,0.0,33.46215997482394,60.753,3.481766960349898,5.343,37.53048968898646,41.0,0.27359063364099767,0.23142934184785877,0.03537789479458781,0.05124052633894368,0.7264093663590023,0.7685706581521412,0.0353778947945878,0.05124052633894362,0.09234479033838877,0.1177
100_29_EW,ethanol,100.0,Sodalite,Sodalite,0.9999999999999998,0.20203050891044214,0.0,0.9999999999999998,0.0,0.0,0.0,0.0,0.0,0.0,30.520290287067784,41.675,4.684825531369616,3.453,42.54025309827129,35.0,0.4612065777500626,0.6033682584071195,0.08294872030427138,0.06041787099285007,0.5387934222499375,0.39663174159288045,0.08294872030427136,0.06041787099285006,0.026689147437790006,0.0107
100_29_WW,water,100.0,ZIF-C,ZIF-C,0.574289724300048,0.20203050891044214,0.06722924401927018,0.17924051584034092,0.1792405158403409,0.0,0.0,0.0,0.574289724300048,0.0,32.98334810691521,41.301,3.991017406309746,4.199,34.15603094627252,29.0,0.262984205285866,0.13491742243450133,0.0368133793107899,0.021872763606121583,0.737015794714134,0.8650825775654987,0.03681337931078989,0.021872763606121497,0.10931569029171913,0.0348
100_30_EW,ethanol,100.0,Sodalite,Sodalite,1.0,0.20203050891044208,0.0,1.0,0.0,0.0,0.0,0.0,0.0,0.0,38.00275583935427,17.771,3.3090829987000023,1.551,43.13822796296831,33.0,0.4422398198387929,0.5377935956066127,0.08420533792376389,0.10517610849156678,0.5577601801612074,0.46220640439338734,0.08420533792376389,0.10517610849156676,0.029710025038831273,0.0313
100_30_WW,water,100.0,Sodalite,Sodalite,1.0,0.20203050891044208,0.0,1.0,0.0,0.0,0.0,0.0,0.0,0.0,41.370172778519056,20.193,3.24944962007546,4.176,31.493895459026167,18.0,0.38747462442308067,0.5313536075881627,0.06228671532272072,0.04557149174585087,0.6125253755769196,0.46864639241183714,0.062286715322720725,0.04557149174585077,0.057520795329906615,0.034
100_31_EW,ethanol,100.0,Sodalite,Sodalite,1.0,0.20203050891044208,0.0,1.0,0.0,0.0,0.0,0.0,0.0,0.0,31.801101737157907,53.309,3.275924057855015,1.659,31.846750446514353,39.0,0.4773201927725454,0.4680701350848471,0.09035516870779309,0.10048408677036862,0.5226798072274547,0.531929864915153,0.09035516870779309,0.10048408677036856,0.02226675312673365,0.0265
100_31_WW,water,100.0,Sodalite,Sodalite,0.7737904819895415,0.20203050891044208,0.0,0.7737904819895415,0.10280375095433769,0.0,0.0,0.0,0.12340576705612087,0.0,43.26599212987405,34.006,3.4882601686268204,4.609,23.015593574777277,28.0,0.391725080637556,0.46568747066557553,0.04436129896989923,0.05703275600116356,0.6082749193624442,0.5343125293344246,0.0443612989698992,0.05703275600116356,0.04480135280094564,0.0325
100_32_EW,ethanol,100.0,Sodalite,Sodalite,1.0,0.20203050891044208,0.0,1.0,0.0,0.0,0.0,0.0,0.0,0.0,42.17867732720014,24.588,2.830234889957804,4.88,36.06436000600515,12.0,0.4945632185771379,0.5023857346642716,0.0825298692915569,0.07598657200377296,0.5054367814228623,0.49761426533572845,0.0825298692915569,0.07598657200377291,0.01758975011519035,0.002
100_32_WW,water,100.0,Diamondoid,Sodalite,0.604950791540293,0.20203050891044208,0.0,0.604950791540293,0.08135020458082591,0.0,0.0,0.0,0.3136990038788812,0.0,46.3308133279445,34.472,3.747065065796292,0.821,28.118761916033655,11.0,0.32477596732697606,0.5212853150664348,0.038111572009236254,0.039073541656273116,0.6752240326730241,0.4787146849335651,0.03811157200923624,0.03907354165627308,0.0584702938620649,0.0143
100_33_EW,ethanol,100.0,Sodalite,Sodalite,1.0,0.20203050891044208,0.0,1.0,0.0,0.0,0.0,0.0,0.0,0.0,34.02315115585852,20.316,3.2324132342446577,1.518,25.828898225601666,33.0,0.4843827353115677,0.5162235012582784,0.09908079214775692,0.06779281660380047,0.5156172646884323,0.4837764987417215,0.09908079214775693,0.06779281660380043,0.01605254856781407,0.0276
100_33_WW,water,100.0,Sodalite,Sodalite,0.9321887856989975,0.20203050891044208,0.0,0.9321887856989975,0.06781121430100247,0.0,0.0,0.0,0.0,0.0,38.88503757463879,28.264,3.7141901880802966,3.963,18.51209467632298,6.0,0.45492706437015695,0.5313858736991134,0.06141661917514868,0.05163093079527604,0.545072935629843,0.46861412630088645,0.06141661917514866,0.051630930795276093,0.032171119807551427,0.0299
100_34_EW,ethanol,100.0,Sodalite,Sodalite,1.0,0.20203050891044208,0.0,1.0,0.0,0.0,0.0,0.0,0.0,0.0,34.40451783516619,37.949,3.1941247055322988,1.935,25.331114009610047,23.0,0.47320057945858485,0.6249991115628443,0.09079123761580178,0.07271066220749921,0.5267994205414152,0.3750008884371557,0.09079123761580177,0.07271066220749922,0.01691494358547211,0.0114
100_34_WW,water,100.0,Sodalite,Sodalite,0.7600531783727839,0.20203050891044208,0.0,0.7600531783727839,0.18079211224787373,0.0,0.0,0.0,0.05915470937934239,0.0,37.078466600990446,46.06,4.018570917350443,1.819,16.5878213061432,7.0,0.4424431623133338,0.5934165864006239,0.05098354084562409,0.06413467601756935,0.5575568376866662,0.40658341359937616,0.050983540845624065,0.06413467601756934,0.03176148303361277,0.0171
100_35_EW,ethanol,100.0,Sodalite,Sodalite,0.9999999999999998,0.20203050891044216,0.0,0.9999999999999998,0.0,0.0,0.0,0.0,0.0,0.0,32.95674155234747,36.494,3.2304819324107,3.184,24.660140850414344,11.0,0.48887794992783085,0.5054585422189214,0.09398812127656625,0.11353809365793462,0.5111220500721694,0.49454145778107855,0.09398812127656625,0.11353809365793462,0.014264370195525577,0.022
100_35_WW,water,100.0,Sodalite,Sodalite,0.8693384158419137,0.20203050891044216,0.0,0.8693384158419137,0.13066158415808612,0.0,0.0,0.0,0.0,0.0,38.85988478803724,19.986,3.1782558183287337,7.121,15.001973539146928,4.0,0.47063732766601196,0.5785102015633242,0.06615949624100802,0.02317849965008483,0.5293626723339881,0.42148979843667583,0.06615949624100802,0.023178499650084873,0.024347495392078203,0.0287
100_36_EW,ethanol,100.0,U13,U13,0.8861952318741844,0.20203050891044216,0.0,0.11380476812581541,0.0,0.0,0.8861952318741844,0.0,0.0,0.0,25.0441730157173,-0.226,4.912006916091025,7.469,60.52193431081401,64.0,0.29691166394550517,0.4192623566526545,0.05253427309162242,0.06486271903951976,0.7030883360544951,0.5807376433473456,0.05253427309162242,0.06486271903951968,0.5688815928833901,0.8902
100_36_WW,water,100.0,Amorphous,Amorphous,0.7540738742365214,0.20203050891044216,0.7540738742365214,0.0,0.0,0.0,0.24592612576347833,0.0,0.0,0.0,26.644905075741008,31.368,4.1463807445917436,0.439,46.531888828774676,51.0,0.053580634803234516,0.0,0.00696353227016925,0.0,0.9464193651967656,1.0,0.006963532270169261,0.0,0.6565742764623581,0.6024
12.5_01_EW,ethanol,12.5,Amorphous,Amorphous,0.5401769050857887,0.14285714285714285,0.5401769050857887,0.4598230949142115,0.0,0.0,0.0,0.0,0.0,0.0,87.52825150909376,93.605,1.9749311980605302,0.419,82.58991185976254,,0.11635033688314562,0.0,0.024672959754514407,0.0,0.8836496631168546,1.0,0.024672959754514404,0.0,0.5541260703960723,0.9983
12.5_01_WW,water,12.5,Amorphous,Amorphous,0.8670967877375411,0.14285714285714285,0.8670967877375411,0.0,0.0,0.0,0.0,0.0,0.13290321226245916,0.0,88.59438595207575,94.115,1.3187858872358302,1.155,78.44523178598448,,0.021632370447898633,0.0,0.004441064025614827,0.0,0.9783676295521013,1.0,0.004441064025614824,0.0,0.702844751237018,0.9259
12.5_02_EW,ethanol,12.5,Amorphous,Sodalite,0.518911660216588,0.14285714285714285,0.48108833978341226,0.518911660216588,0.0,0.0,0.0,0.0,0.0,0.0,87.87419532398175,95.158,2.0458963774393513,0.988,82.94367580062661,,0.1252811679930061,0.0,0.02718228207811626,0.0,0.8747188320069939,1.0,0.02718228207811626,0.0,0.5638659113378902,0.9777
12.5_02_WW,water,12.5,Amorphous,Amorphous,0.7713070847492614,0.14285714285714285,0.7713070847492614,0.0,0.0,0.0,0.0,0.0,0.22869291525073882,0.0,89.96139422494232,93.585,1.3142469568165007,2.12,77.10845184196631,,0.038661954716609596,0.0,0.00843037480485204,0.0,0.9613380452833904,1.0,0.008430374804852035,0.0,0.7056243152085989,0.9679
12.5_03_EW,ethanol,12.5,Amorphous,Sodalite,0.5208518892955223,0.14285714285714285,0.4791481107044778,0.5208518892955223,0.0,0.0,0.0,0.0,0.0,0.0,89.15312090968985,91.047,2.070810063022613,2.192,84.27820212824736,,0.11388681232470547,0.0,0.024957896903405833,0.0,0.8861131876752947,1.0,0.024957896903405833,0.0,0.6262391026846528,0.788
12.5_03_WW,water,12.5,Amorphous,Amorphous,0.6890134274912796,0.14285714285714285,0.6890134274912796,0.0,0.0,0.0,0.0,0.0,0.3109865725087204,0.0,90.98984702094269,94.822,1.5174863447625495,0.667,77.66575384463246,,0.05202442778603737,0.0,0.010219498427597512,0.0,0.9479755722139626,1.0,0.010219498427597508,0.0,0.6937812693549748,0.9441
12.5_04_EW,ethanol,12.5,Amorphous,Amorphous,0.5583310868029608,0.14285714285714285,0.5583310868029608,0.38442421672199145,0.0,0.0,0.05724469647504773,0.0,0.0,0.0,86.45578573949363,88.763,1.612664696422679,0.881,82.27393967866466,,0.09061148681513503,0.0,0.016881073888955295,0.0,0.9093885131848651,1.0,0.01688107388895529,0.0,0.6677525810983508,1.0
12.5_04_WW,water,12.5,Amorphous,Amorphous,0.8063276309514215,0.14285714285714285,0.8063276309514215,0.0,0.0,0.0,0.0,0.0,0.19367236904857862,0.0,89.48604777366845,93.143,1.3643470042355894,0.81,65.01947695265396,,0.03422808104936513,0.0,0.008884446069911527,0.0,0.965771918950635,1.0,0.008884446069911522,0.0,0.6517491828927942,0.8591
12.5_05_EW,ethanol,12.5,Amorphous,Amorphous,0.4629551629662545,0.14285714285714285,0.4629551629662545,0.2098653167868019,0.0,0.0,0.3271795202469437,0.0,0.0,0.0,80.76087032344249,88.215,1.555928312558723,0.419,74.39179710002232,,0.10507468751234036,0.0,0.01827413140013699,0.0,0.8949253124876597,1.0,0.01827413140013698,0.0,0.7459153389823036,1.0
12.5_05_WW,water,12.5,Amorphous,Amorphous,0.9208170239015169,0.14285714285714285,0.9208170239015169,0.0,0.0,0.0,0.07918297609848314,0.0,0.0,0.0,84.20323714705194,92.083,2.3424782730936995,1.195,80.0,,0.01088972914718615,0.0,0.0019554238244489284,0.0,0.9891102708528139,1.0,0.0019554238244489266,0.0,0.6515237399166143,0.8477
12.5_06_EW,ethanol,12.5,U13,U13,0.5809213962806163,0.14285714285714285,0.3045892107692882,0.11448939295009546,0.0,0.0,0.5809213962806163,0.0,0.0,0.0,75.30353119958033,88.489,1.6011946813358624,1.509,69.16354862390597,79.0,0.14954402315134355,0.20590661190483428,0.0318188846188248,0.02214131441451793,0.8504559768486565,0.7940933880951656,0.031818884618824796,0.02214131441451789,0.6964867999772923,0.9482
12.5_06_WW,water,12.5,Amorphous,Amorphous,0.7052063752295029,0.14285714285714285,0.7052063752295029,0.0,0.0,0.0,0.2947936247704972,0.0,0.0,0.0,79.28350285191793,89.345,2.689075923377578,0.53,79.7604668901568,,0.042498970719332674,0.0,0.006110658540206447,0.0,0.9575010292806674,1.0,0.006110658540206451,0.0,0.7244565264109867,0.5764
12.5_07_EW,ethanol,12.5,U13,U13,0.9204963858579757,0.14285714285714285,0.07950361414202457,0.0,0.0,0.0,0.9204963858579757,0.0,0.0,0.0,65.82845245934345,88.215,2.9806647667692783,0.419,69.40322749666191,64.0,0.20019597025651947,0.20827295089750283,0.026680871404647147,0.07840675760129166,0.7998040297434803,0.7917270491024974,0.026680871404647147,0.07840675760129168,0.6286847900326328,0.7939
12.5_07_WW,water,12.5,Amorphous,U13,0.5182569900779647,0.14285714285714285,0.48174300992203556,0.0,0.0,0.0,0.5182569900779647,0.0,0.0,0.0,69.98581666519398,87.49,2.3958967425862556,1.325,77.60423831549234,,0.0835766061210452,0.0,0.010229775165466519,0.0,0.9164233938789548,1.0,0.010229775165466531,0.0,0.6260008090423335,0.9096
12.5_08_EW,ethanol,12.5,Sodalite,Sodalite,0.591992007586899,0.14285714285714285,0.40800799241310115,0.591992007586899,0.0,0.0,0.0,0.0,0.0,0.0,85.0334612335264,91.23,2.095975405388661,1.352,81.16796724025532,83.0,0.15552898717626745,0.25552478545767016,0.030987856560931018,0.057458255254539195,0.8444710128237325,0.7444752145423298,0.030987856560931018,0.05745825525453914,0.4978611750972296,0.3596
12.5_08_WW,water,12.5,Amorphous,Amorphous,0.7672577542070167,0.14285714285714285,0.7672577542070167,0.0,0.0,0.0,0.0,0.0,0.23274224579298347,0.0,88.11641844197794,88.197,1.609554213816935,1.46,79.25955256424811,,0.037130262958534326,0.0,0.006509549611638926,0.0,0.9628697370414657,1.0,0.006509549611638924,0.0,0.6345502231196112,0.5372
12.5_09_EW,ethanol,12.5,Sodalite,Sodalite,0.6821001944803411,0.14285714285714285,0.3178998055196587,0.6821001944803411,0.0,0.0,0.0,0.0,0.0,0.0,85.63503319501626,92.554,2.702468177698607,0.194,82.46065332672144,86.0,0.1703865019574225,0.21176822944811288,0.03416039591709514,0.057850144594067086,0.8296134980425779,0.7882317705518872,0.03416039591709513,0.057850144594067156,0.46258275848690944,0.4968
12.5_09_WW,water,12.5,ZIF-C,Amorphous,0.7226470523619997,0.14285714285714285,0.7226470523619997,0.0,0.0,0.0,0.0,0.0,0.277352947638,0.0,87.55229304325296,92.525,1.7011513653376629,1.612,78.80649421528156,77.0,0.046196519373853356,0.16117883723219634,0.007608098668841717,0.038576087631678774,0.9538034806261471,0.8388211627678036,0.007608098668841716,0.03857608763167875,0.6072777986569408,0.4638
12.5_10_EW,ethanol,12.5,Sodalite,Sodalite,0.6099977330431943,0.14285714285714285,0.39000226695680557,0.6099977330431943,0.0,0.0,0.0,0.0,0.0,0.0,80.16915914637791,94.884,1.9334003984712744,2.175,78.20767341841153,85.0,0.1459186759405824,0.17518650980394548,0.024525313217911997,0.04809017771302201,0.8540813240594181,0.8248134901960545,0.024525313217911994,0.04809017771302207,0.4489300995644319,0.9453
12.5_10_WW,water,12.5,Amorphous,ZIF-C,0.523150291720512,0.14285714285714285,0.4768497082794881,0.0,0.0,0.0,0.0,0.0,0.523150291720512,0.0,83.51804899948229,94.292,1.97011912383694,2.142,68.77143292902063,,0.09184469777852987,0.0,0.017642468799412024,0.0,0.9081553022214703,1.0,0.017642468799412014,0.0,0.45907603823602344,0.9899
12.5_11_EW,ethanol,12.5,Sodalite,Sodalite,0.47684970827948797,0.14285714285714285,0.3642003889606825,0.47684970827948797,0.0,0.0,0.15894990275982931,0.0,0.0,0.0,71.25910605876142,85.383,1.8731585376433926,0.316,71.66489047078514,83.0,0.14143733646376735,0.16953249584169616,0.021888205074790883,0.04096836622666777,0.858562663536233,0.830467504158304,0.021888205074790893,0.04096836622666769,0.5510883992855496,0.6855
12.5_11_WW,water,12.5,Amorphous,Amorphous,0.6247427129287298,0.14285714285714285,0.6247427129287298,0.0,0.0,0.0,0.07210246143714687,0.0,0.30315482563412305,0.0,72.53945716608071,95.793,2.8095990481749697,0.852,64.6726854952918,,0.07164070647182248,0.0,0.01680474327252346,0.0,0.9283592935281779,1.0,0.01680474327252345,0.0,0.4817003840291697,0.6642
12.5_12_EW,ethanol,12.5,U13,Sodalite,0.4047472468423412,0.14285714285714285,0.3031548256341231,0.4047472468423412,0.0,0.0,0.2920979275235357,0.0,0.0,0.0,69.7602403841986,82.277,2.0807140205729886,1.424,69.38550861708507,76.0,0.1564972681547388,0.20352326993520062,0.034694306482541466,0.017630737136724965,0.8435027318452615,0.7964767300647994,0.03469430648254147,0.017630737136724934,0.5525458257547801,0.8273
12.5_12_WW,water,12.5,Amorphous,Amorphous,0.7373920322475354,0.14285714285714285,0.7373920322475354,0.0,0.0,0.0,0.11840304487817076,0.0,0.14420492287429376,0.0,71.60749199036006,90.582,3.2395122439024786,1.224,81.37281557094853,,0.045136629770679865,0.0,0.007822274753396053,0.0,0.9548633702293206,1.0,0.007822274753396056,0.0,0.49321249069115874,0.98
12.5_13_EW,ethanol,12.5,U13,U13,0.8410500972401704,0.14285714285714285,0.07210246143714687,0.08684744132268243,0.0,0.0,0.8410500972401704,0.0,0.0,0.0,67.21943204753448,76.614,3.0352815236054265,4.105,68.66565471328265,62.0,0.20977416278405067,0.17310079835138534,0.044430473104010666,0.010174540268445857,0.7902258372159496,0.8268992016486146,0.044430473104010666,0.010174540268445812,0.5551861593229831,0.9279
12.5_13_WW,water,12.5,Amorphous,Amorphous,0.5063396680505591,0.14285714285714285,0.5063396680505591,0.0,0.0,0.0,0.4936603319494407,0.0,0.0,0.0,69.66390323250118,88.815,3.2011029229551724,1.738,72.44381601253014,,0.08596430729119293,0.0,0.012374558970750009,0.0,0.9140356927088074,1.0,0.012374558970750023,0.0,0.6428310655507008,0.982
12.5_14_EW,ethanol,12.5,U13,U13,0.8890963321965135,0.14285714285714285,0.0,0.1109036678034867,0.0,0.0,0.8890963321965135,0.0,0.0,0.0,62.208943721964935,62.683,4.008898783271423,1.356,66.91847615003964,79.0,0.2253467751070072,0.23289237287625886,0.03832517308620396,0.07826142654121529,0.7746532248929927,0.7671076271237411,0.03832517308620397,0.0782614265412153,0.5395745207197405,0.2288
12.5_14_WW,water,12.5,U13,Amorphous,0.4980015282581042,0.14285714285714285,0.4980015282581042,0.0,0.0,0.0,0.44857130311127497,0.0,0.053427168630621025,0.0,65.32652173787291,75.035,2.0418783787899817,5.247,72.78572065264547,76.0,0.09634825986946573,0.14355571668229686,0.01189719181581479,0.015064987758335511,0.9036517401305342,0.8564442833177032,0.01189719181581481,0.01506498775833554,0.5365068552409297,1.0
12.5_15_EW,ethanol,12.5,Sodalite,Sodalite,0.9427553035249523,0.14285714285714285,0.05724469647504774,0.9427553035249523,0.0,0.0,0.0,0.0,0.0,0.0,82.90410600669591,80.998,2.0656128153475324,1.74,79.57152635774264,82.0,0.2597093343968706,0.2652232437958648,0.045844683370615154,0.0486424971308487,0.7402906656031294,0.7347767562041351,0.04584468337061514,0.048642497130848644,0.30172613376528984,0.2286
12.5_15_WW,water,12.5,Amorphous,Amorphous,0.5936375036545732,0.14285714285714285,0.5936375036545732,0.0,0.0,0.0,0.0,0.0,0.4063624963454268,0.0,82.11894119462693,85.547,2.1750962186640943,1.765,75.77872533672395,,0.0660916923892982,0.0,0.008608210569704192,0.0,0.9339083076107018,1.0,0.008608210569704188,0.0,0.37393318806321024,0.6736
12.5_16_EW,ethanol,12.5,Sodalite,Sodalite,0.9999999999999998,0.14285714285714285,0.0,0.9999999999999998,0.0,0.0,0.0,0.0,0.0,0.0,78.643075358329,85.018,1.7393897121885302,3.837,76.8327875221025,78.0,0.2739526447681139,0.31506069043098117,0.04131102530474997,0.08302007003914966,0.7260473552318862,0.6849393095690188,0.041311025304749976,0.08302007003914963,0.2379062486774493,0.1176
12.5_16_WW,water,12.5,ZIF-C,ZIF-C,0.6673552145948056,0.14285714285714285,0.3326447854051943,0.0,0.0,0.0,0.0,0.0,0.6673552145948056,0.0,78.27020099889333,94.115,2.2846103966713622,4.598,67.10761433562205,82.0,0.12326584756409892,0.14995509445359936,0.020928490799680247,0.010440860563712915,0.8767341524359012,0.8500449055464007,0.020928490799680226,0.010440860563712942,0.37821929202530646,0.1439
12.5_17_EW,ethanol,12.5,Sodalite,Sodalite,0.9278975385628527,0.14285714285714285,0.07210246143714687,0.9278975385628527,0.0,0.0,0.0,0.0,0.0,0.0,71.49128581283433,80.085,2.308658823472078,0.725,71.45636335595745,67.0,0.26792882451324107,0.31969550468602437,0.04343302505144565,0.047394989467999374,0.7320711754867593,0.6803044953139757,0.04343302505144565,0.04739498946799937,0.25726884567346037,0.1042
12.5_17_WW,water,12.5,ZIF-C,ZIF-C,0.7394576760319523,0.14285714285714285,0.26054232396804733,0.0,0.0,0.0,0.0,0.0,0.7394576760319523,0.0,72.02237973347917,82.72,2.6005907922360003,2.951,65.55293386011081,42.0,0.14975736203228743,0.17394687864603028,0.02526425893008491,0.05135790730630392,0.8502426379677127,0.8260531213539698,0.0252642589300849,0.05135790730630389,0.324687963134008,0.177
12.5_18_EW,ethanol,12.5,Sodalite,Sodalite,0.8410500972401703,0.14285714285714285,0.0,0.8410500972401703,0.0,0.0,0.15894990275982931,0.0,0.0,0.0,60.05497578128313,78.532,2.469420379906908,0.881,64.38498456780022,70.0,0.3190315141326466,0.25447381728545326,0.0628528606895113,0.03882812748888847,0.6809684858673537,0.7455261827145468,0.06285286068951132,0.03882812748888851,0.22523423408962134,0.2321
12.5_18_WW,water,12.5,Amorphous,ZIF-C,0.6673552145948055,0.14285714285714285,0.3326447854051942,0.0,0.0,0.0,0.0,0.0,0.6673552145948055,0.0,62.32076644820377,82.808,2.6093500899155133,1.553,57.381597164214796,,0.14091672210705372,0.0,0.027859052809542196,0.0,0.8590832778929467,1.0,0.027859052809542182,0.0,0.27587186511128825,0.3983
12.5_19_EW,ethanol,12.5,Sodalite,Sodalite,0.5952527531576588,0.14285714285714285,0.0,0.5952527531576588,0.0,0.0,0.40474724684234115,0.0,0.0,0.0,59.680846921025065,77.06,3.066349933130711,1.579,63.89106080409893,65.0,0.3032129734467805,0.32404463077150386,0.051764384216466695,0.13179737968021343,0.6967870265532197,0.6759553692284962,0.05176438421646672,0.13179737968021346,0.29875088128642313,0.1316
12.5_19_WW,water,12.5,Amorphous,ZIF-C,0.5084053118349763,0.14285714285714285,0.3473897652907299,0.0,0.0,0.0,0.14420492287429376,0.0,0.5084053118349763,0.0,59.046959750964795,84.31,4.431168301816616,0.701,60.8663235581821,,0.12646933280440234,0.0,0.020021925045187322,0.0,0.8735306671955977,1.0,0.020021925045187326,0.0,0.39964713571691857,0.3146
12.5_20_EW,ethanol,12.5,U13,U13,0.5936375036545732,0.14285714285714285,0.0,0.40636249634542676,0.0,0.0,0.5936375036545732,0.0,0.0,0.0,61.88049658446567,74.224,3.565126862123824,5.213,64.65893732444428,75.0,0.2884087338996357,0.18088745497838085,0.06657327140434091,0.028602902937592673,0.7115912661003643,0.8191125450216191,0.06657327140434091,0.028602902937592715,0.3550649266228672,0.1726
12.5_20_WW,water,12.5,Amorphous,U13,0.38377218686777137,0.14285714285714285,0.30524124062350827,0.0,0.0,0.0,0.38377218686777137,0.0,0.31098657250872036,0.0,65.85940520695074,62.977,4.436439761286414,0.562,59.57896752308481,,0.1416103920014612,0.0,0.01907053273491347,0.0,0.8583896079985387,1.0,0.019070532734913492,0.0,0.5032073894273545,0.6811
12.5_21_EW,ethanol,12.5,Sodalite,Sodalite,1.0,0.14285714285714285,0.0,1.0,0.0,0.0,0.0,0.0,0.0,0.0,82.72592568118384,78.194,1.665352184283884,0.982,76.31228160617307,81.0,0.313860734188672,0.3048287702616921,0.047948738698836646,0.03421451784597514,0.686139265811328,0.695171229738308,0.04794873869883664,0.03421451784597504,0.14016407697463834,0.1587
12.5_21_WW,water,12.5,Amorphous,ZIF-C,0.5208518892955223,0.14285714285714285,0.4791481107044777,0.0,0.0,0.0,0.0,0.0,0.5208518892955223,0.0,80.83718388165602,70.529,2.312183740561345,1.874,67.9226347561698,,0.09506377203017603,0.0,0.013107539360246964,0.0,0.9049362279698241,1.0,0.013107539360246952,0.0,0.28108882097726795,0.196
12.5_22_EW,ethanol,12.5,Sodalite,Sodalite,0.9999999999999996,0.14285714285714285,0.0,0.9999999999999996,0.0,0.0,0.0,0.0,0.0,0.0,77.75451061657212,94.734,1.8388761357591388,1.399,71.45915267302178,72.0,0.3429167347070356,0.4173576327345759,0.05388422319688006,0.051507746904942614,0.6570832652929646,0.5826423672654241,0.05388422319688004,0.051507746904942656,0.0918373678720736,0.0627
12.5_22_WW,water,12.5,ZIF-C,ZIF-C,0.6099977330431943,0.14285714285714285,0.31789980551965863,0.07210246143714687,0.0,0.0,0.0,0.0,0.6099977330431943,0.0,76.05487948663702,91.112,2.5555945969640463,1.071,60.92024913728899,60.0,0.14021071159657233,0.19875327324935058,0.024568457229014216,0.02653152313624157,0.8597892884034279,0.8012467267506495,0.024568457229014202,0.02653152313624151,0.21133496794309758,0.2759
12.5_23_EW,ethanol,12.5,Sodalite,Sodalite,0.9999999999999996,0.14285714285714285,0.0,0.9999999999999996,0.0,0.0,0.0,0.0,0.0,0.0,72.4273978519689,88.402,1.8552706484126096,2.251,62.13549914194275,59.0,0.4098559042507363,0.45916950301090936,0.06394617406481144,0.09150971463288134,0.5901440957492639,0.5408304969890906,0.06394617406481144,0.09150971463288135,0.06764533584217283,0.0498
12.5_23_WW,water,12.5,ZIF-C,ZIF-C,0.8410500972401703,0.14285714285714285,0.08684744132268245,0.07210246143714687,0.0,0.0,0.0,0.0,0.8410500972401703,0.0,75.51542237139036,87.225,2.676737677582197,1.214,55.408372255379085,43.0,0.19097430666632156,0.25289798415700243,0.03048928292749773,0.04031297888647151,0.8090256933336786,0.7471020158429976,0.0304892829274977,0.04031297888647152,0.18945513167389816,0.1238
12.5_24_EW,ethanol,12.5,Sodalite,Sodalite,0.9999999999999996,0.14285714285714285,0.0,0.9999999999999996,0.0,0.0,0.0,0.0,0.0,0.0,69.74638955848424,72.618,2.491416621150382,0.59,55.06338933329134,58.0,0.4675395031807272,0.4486721341570353,0.0694866472522223,0.15306675405682268,0.5324604968192731,0.5513278658429647,0.06948664725222231,0.1530667540568227,0.05999688978672081,0.0368
12.5_24_WW,water,12.5,ZIF-C,ZIF-C,0.8263051173546347,0.14285714285714285,0.1736948826453649,0.0,0.0,0.0,0.0,0.0,0.8263051173546347,0.0,66.83879078634614,76.36,3.1471643289948905,2.998,50.27533088639356,38.0,0.17990911481570807,0.24498665837093658,0.029948628217817817,0.013511036754418174,0.8200908851842921,0.7550133416290633,0.02994862821781782,0.013511036754418108,0.16245354591593952,0.1188
12.5_25_EW,ethanol,12.5,Sodalite,Sodalite,0.7681964035897627,0.14285714285714285,0.0,0.7681964035897627,0.0,0.0,0.23180359641023726,0.0,0.0,0.0,66.03700328505874,78.619,2.815757764204287,3.007,56.21221448687401,65.0,0.4191641051308331,0.41050640330260263,0.07974714942040212,0.07912216068264305,0.580835894869167,0.5894935966973974,0.0797471494204021,0.07912216068264312,0.12838861450378636,0.0254
12.5_25_WW,water,12.5,ZIF-C,ZIF-C,0.6155757832780087,0.14285714285714285,0.30524124062350827,0.0,0.0,0.0,0.07918297609848313,0.0,0.6155757832780087,0.0,65.40845830927265,73.975,4.17809715241974,6.62,49.66099974516526,30.0,0.15595342667571988,0.21432108502913175,0.025506660940323236,0.022670069071792816,0.8440465733242801,0.7856789149708683,0.025506660940323243,0.02267006907179287,0.2659829490899247,0.1807
12.5_26_EW,ethanol,12.5,Sodalite,Sodalite,1.0,0.14285714285714285,0.0,1.0,0.0,0.0,0.0,0.0,0.0,0.0,87.7901506380748,75.359,1.7275520248489877,2.141,71.14754356159958,86.0,0.37390369230355547,0.2793667753962879,0.05703941411243521,0.012172184009974817,0.6260963076964446,0.7206332246037119,0.05703941411243519,0.012172184009974735,0.08385035862051964,0.1157
12.5_26_WW,water,12.5,Amorphous,ZIF-C,0.5370448370337456,0.14285714285714285,0.38377218686777137,0.07918297609848314,0.0,0.0,0.0,0.0,0.5370448370337456,0.0,84.65668094558266,72.473,1.7747391320093064,0.81,59.32545830526037,,0.12890734247215072,0.0,0.01979835996604743,0.0,0.8710926575278494,1.0,0.019798359966047417,0.0,0.2108535960562775,0.1879
12.5_27_EW,ethanol,12.5,Sodalite,Sodalite,0.9999999999999998,0.14285714285714285,0.0,0.9999999999999998,0.0,0.0,0.0,0.0,0.0,0.0,89.15576542439499,93.222,1.7260889068517205,0.284,64.35431537583248,76.0,0.4438130540940712,0.41108940248596415,0.058029688992920964,0.06638336406039139,0.556186945905929,0.5889105975140358,0.05802968899292096,0.06638336406039136,0.060876412419348644,0.0581
12.5_27_WW,water,12.5,ZIF-C,ZIF-C,0.6505445909248528,0.14285714285714285,0.23105236419697622,0.11840304487817076,0.0,0.0,0.0,0.0,0.6505445909248528,0.0,85.55952209221492,91.818,1.587618582060849,2.254,54.6724919470316,66.0,0.1665231837853417,0.20669551331083588,0.023816889972535754,0.03653993752526113,0.8334768162146584,0.7933044866891641,0.023816889972535747,0.036539937525261114,0.18271559248238917,0.1217
12.5_28_EW,ethanol,12.5,Sodalite,Sodalite,0.9999999999999998,0.14285714285714285,0.0,0.9999999999999998,0.0,0.0,0.0,0.0,0.0,0.0,83.38887759863269,94.167,1.3768995324508695,0.59,51.04010365208778,49.0,0.5449257755678226,0.6173379677465736,0.07238115013185017,0.06131663959032289,0.45507422443217765,0.3826620322534264,0.07238115013185017,0.061316639590322894,0.034619966003261435,0.0247
12.5_28_WW,water,12.5,ZIF-C,ZIF-C,0.927897538562853,0.14285714285714285,0.0,0.07210246143714688,0.0,0.0,0.0,0.0,0.927897538562853,0.0,82.00820863321272,93.422,2.2141355997180234,2.93,47.50030046909658,51.0,0.22335025287145535,0.2405031091340921,0.033643622634582156,0.006139817363540431,0.7766497471285447,0.759496890865908,0.03364362263458214,0.006139817363540473,0.12063336149918355,0.0715
12.5_29_EW,ethanol,12.5,Sodalite,Sodalite,1.0,0.14285714285714285,0.0,1.0,0.0,0.0,0.0,0.0,0.0,0.0,77.91111452188014,89.063,1.6718832217685797,2.166,46.40370494333602,35.0,0.552848943893521,0.6525945599179078,0.08523965138278883,0.08869670495136331,0.447151056106479,0.3474054400820921,0.08523965138278886,0.08869670495136332,0.03091878145855085,0.0236
12.5_29_WW,water,12.5,ZIF-C,ZIF-C,0.8635723274264692,0.14285714285714285,0.05724469647504774,0.0,0.07918297609848313,0.0,0.0,0.0,0.8635723274264692,0.0,77.70961933638385,82.095,2.8895375744984944,5.483,40.80611251252256,31.0,0.22377298458940134,0.24672136367770117,0.027486882548838465,0.07530355203180403,0.7762270154105987,0.7532786363222989,0.027486882548838465,0.07530355203180404,0.11059245224115702,0.0884
12.5_30_EW,ethanol,12.5,Sodalite,Sodalite,1.0,0.14285714285714285,0.0,1.0,0.0,0.0,0.0,0.0,0.0,0.0,90.52943685632549,92.466,2.0463575323874954,1.073,64.39216715085159,72.0,0.4011432518071751,0.3166770251951387,0.06065014792435252,0.005945521962747049,0.598856748192825,0.6833229748048613,0.06065014792435251,0.005945521962747034,0.07647087496982598,0.1041
12.5_30_WW,water,12.5,ZIF-C,ZIF-C,0.5370448370337456,0.14285714285714285,0.38377218686777137,0.07918297609848313,0.0,0.0,0.0,0.0,0.5370448370337456,0.0,88.75976192993025,93.422,1.3573045262951722,0.69,56.71136930047546,43.0,0.13194193159011106,0.1925210802379329,0.018727333224027618,0.04054003201654014,0.8680580684098889,0.8074789197620671,0.018727333224027618,0.040540032016540155,0.18489417201832997,0.0885
12.5_31_EW,ethanol,12.5,Sodalite,Sodalite,0.9999999999999996,0.14285714285714285,0.0,0.9999999999999996,0.0,0.0,0.0,0.0,0.0,0.0,92.91052042825748,91.993,1.660386942729977,0.911,53.044234939656626,55.0,0.46407887758259514,0.5305818628294938,0.06217749945102901,0.03640790540598205,0.5359211224174052,0.4694181371705062,0.06217749945102903,0.03640790540598198,0.05778775614351224,0.0605
12.5_31_WW,water,12.5,ZIF-C,ZIF-C,0.7115901542514123,0.14285714285714285,0.14420492287429376,0.0,0.14420492287429376,0.0,0.0,0.0,0.7115901542514123,0.0,92.89491182239232,95.706,1.4978390368098806,0.274,47.22451086323774,55.0,0.20285669246250448,0.22909844132657686,0.02885773430195574,0.04005264164952902,0.7971433075374956,0.7709015586734232,0.02885773430195575,0.040052641649529055,0.12011500390768742,0.2011
12.5_32_EW,ethanol,12.5,Sodalite,Sodalite,1.0,0.14285714285714285,0.0,1.0,0.0,0.0,0.0,0.0,0.0,0.0,89.37021632677795,93.6,1.5295487874523495,0.327,44.54504437369582,32.0,0.5363317030065674,0.6694624376107043,0.07092164002182245,0.04285896250460286,0.46366829699343265,0.33053756238929566,0.0709216400218225,0.04285896250460289,0.04247420121342825,0.0097
12.5_32_WW,water,12.5,ZIF-C,ZIF-C,0.7907867130674181,0.14285714285714285,0.0,0.0,0.20921328693258182,0.0,0.0,0.0,0.7907867130674181,0.0,89.5173891867667,95.98,1.939389074668176,0.725,43.87855081418,33.0,0.24881537562253223,0.25491053916378015,0.040127223094278616,0.01101242918167596,0.7511846243774679,0.74508946083622,0.04012722309427862,0.011012429181675996,0.11741003729451083,0.0224
12.5_33_EW,ethanol,12.5,Sodalite,Sodalite,1.0000000000000002,0.14285714285714285,0.0,1.0000000000000002,0.0,0.0,0.0,0.0,0.0,0.0,92.19499983459303,95.632,1.4528235693359366,4.611,57.87106363554179,60.0,0.42125337816079284,0.2707816422018487,0.057060651983200386,0.05560521676749567,0.578746621839207,0.7292183577981514,0.0570606519832004,0.05560521676749565,0.059490079525042074,0.1987
12.5_33_WW,water,12.5,ZIF-C,ZIF-C,0.5775051424001287,0.14285714285714285,0.2100604606852013,0.07950361414202455,0.13293078277264558,0.0,0.0,0.0,0.5775051424001287,0.0,93.00181720520807,95.066,1.2420260125960816,0.837,46.65187273512483,63.0,0.1811215745233621,0.2010016790992363,0.028949925205854075,0.013371286594968841,0.8188784254766377,0.7989983209007635,0.028949925205854068,0.013371286594968867,0.14755809002623693,0.2255
12.5_34_EW,ethanol,12.5,Sodalite,Sodalite,1.0000000000000002,0.14285714285714285,0.0,1.0000000000000002,0.0,0.0,0.0,0.0,0.0,0.0,92.76584566032551,91.804,1.3543946561398659,2.96,53.898470794388565,32.0,0.4781889846213908,0.2615787063007975,0.05465519133197401,0.024763027499969333,0.5218110153786092,0.7384212936992025,0.054655191331974,0.024763027499969358,0.06275570075457328,0.0468
12.5_34_WW,water,12.5,ZIF-C,ZIF-C,0.6309323110307498,0.14285714285714285,0.07950361414202456,0.07950361414202455,0.2100604606852013,0.0,0.0,0.0,0.6309323110307498,0.0,93.6651262641775,95.797,1.221634930478931,0.962,47.341595254516236,38.0,0.22067167827317097,0.2267738596914426,0.027558276997643596,0.057958525475710385,0.779328321726829,0.7732261403085575,0.0275582769976436,0.05795852547571034,0.13876890233790407,0.1601
12.5_35_EW,ethanol,12.5,Sodalite,Sodalite,1.0000000000000002,0.14285714285714285,0.0,1.0000000000000002,0.0,0.0,0.0,0.0,0.0,0.0,92.65060946798934,93.789,1.8326387573638583,1.299,51.10781526750153,95.0,0.4163915542113332,0.2558199723921669,0.05915780407334772,0.0332144511312579,0.5836084457886669,0.7441800276078331,0.05915780407334774,0.03321445113125787,0.07330218173317983,0.0655
12.5_35_WW,water,12.5,ZIF-C,ZIF-C,0.48258987380793217,0.14285714285714285,0.15207655187901584,0.2132570224340363,0.15207655187901584,0.0,0.0,0.0,0.48258987380793217,0.0,93.59453712000065,95.158,1.2756927442390855,0.548,45.89143104837515,57.0,0.20054358523087298,0.16314480514458443,0.02924200178641699,0.010696411763328171,0.799456414769127,0.8368551948554156,0.02924200178641699,0.010696411763328114,0.1453785645701662,0.2118
12.5_36_EW,ethanol,12.5,U13,U13,0.9431978958937381,0.14285714285714285,0.056802104106262,0.0,0.0,0.0,0.9431978958937381,0.0,0.0,0.0,63.55298022414044,58.913,3.113384411226904,1.5,63.846030507355266,99.0,0.21808784162489667,0.20652218464661865,0.035946317995330886,0.0230698943697552,0.7819121583751035,0.7934778153533814,0.03594631799533089,0.02306989436975518,0.5141552762904072,0.7797
12.5_36_WW,water,12.5,Amorphous,U13,0.6393914450801896,0.14285714285714285,0.3606085549198105,0.0,0.0,0.0,0.6393914450801896,0.0,0.0,0.0,67.08986972083724,67.022,2.2923264801086,2.215,70.66513296817058,,0.11283673763682389,0.0,0.015109397025877231,0.0,0.8871632623631763,1.0,0.01510939702587725,0.0,0.6628769053587653,0.2326
25_01_EW,ethanol,25.0,Amorphous,Amorphous,0.5508696090144094,0.14285714285714285,0.5508696090144094,0.4491303909855906,0.0,0.0,0.0,0.0,0.0,0.0,85.80096267691785,88.797,1.8321448401325002,1.462,82.41827371071105,,0.11470782549787331,0.0,0.024479516195612512,0.0,0.8852921745021268,1.0,0.024479516195612505,0.0,0.5961369085222852,0.6557
25_01_WW,water,25.0,Amorphous,Amorphous,0.8735091917517734,0.14285714285714285,0.8735091917517734,0.0,0.0,0.0,0.0,0.0,0.1264908082482266,0.0,85.2223674186824,92.074,1.4434294847508768,0.587,78.55476821401552,,0.02060387101209857,0.0,0.00417731696957356,0.0,0.9793961289879016,1.0,0.004177316969573557,0.0,0.7318708506610199,0.9089
25_02_EW,ethanol,25.0,Amorphous,Amorphous,0.5984654692715845,0.14285714285714285,0.5984654692715845,0.4015345307284158,0.0,0.0,0.0,0.0,0.0,0.0,88.44975788015073,92.027,2.1455093114396444,0.871,82.5984768562619,,0.0999680299256732,0.0,0.021302975667841305,0.0,0.9000319700743267,1.0,0.02130297566784131,0.0,0.5614764865714562,0.8275
25_02_WW,water,25.0,Amorphous,Amorphous,0.8275150226698977,0.14285714285714285,0.8275150226698977,0.0,0.0,0.0,0.0,0.0,0.17248497733010257,0.0,89.14725465235838,91.604,1.338848367596276,1.067,78.63914742597686,,0.028111784514147566,0.0,0.005644292442447791,0.0,0.9718882154858522,1.0,0.005644292442447787,0.0,0.7266397944236084,0.8972
25_03_EW,ethanol,25.0,Amorphous,Amorphous,0.5984654692715845,0.14285714285714285,0.5984654692715845,0.4015345307284157,0.0,0.0,0.0,0.0,0.0,0.0,87.91244820283089,95.826,1.9953033100181403,4.198,85.66427100482827,,0.08570466447792702,0.0,0.017444140799928252,0.0,0.9142953355220728,1.0,0.01744414079992826,0.0,0.653470805781818,0.4523
25_03_WW,water,25.0,Amorphous,Amorphous,0.7332722537997924,0.14285714285714285,0.7332722537997924,0.0,0.0,0.0,0.0,0.0,0.2667277462002077,0.0,90.12783716293049,92.732,1.382136579770075,0.861,76.64667054623044,,0.04601689382536282,0.0,0.010091081671315626,0.0,0.9539831061746369,1.0,0.010091081671315621,0.0,0.7525306889962539,0.8306
25_04_EW,ethanol,25.0,Amorphous,Amorphous,0.6361436620734788,0.14285714285714285,0.6361436620734788,0.30729176185831053,0.0,0.0,0.05656457606821069,0.0,0.0,0.0,80.03221109753876,86.137,1.8089077857159734,1.587,78.66198355066393,,0.06674780729639172,0.0,0.013170563200698678,0.0,0.933252192703608,1.0,0.013170563200698674,0.0,0.6539682381388792,0.9174
25_04_WW,water,25.0,Amorphous,Amorphous,0.7926280789934734,0.14285714285714285,0.7926280789934734,0.0,0.0,0.0,0.0,0.0,0.2073719210065266,0.0,85.53173006706041,89.537,1.2456310907296455,1.39,72.18169380222267,,0.03998053566327564,0.0,0.008493315324749619,0.0,0.9600194643367241,1.0,0.008493315324749614,0.0,0.6409123237750901,0.797
25_05_EW,ethanol,25.0,Amorphous,Amorphous,0.489455944485673,0.14285714285714285,0.489455944485673,0.1913713605964187,0.0,0.0,0.31917269491790845,0.0,0.0,0.0,76.93949754026849,83.383,1.736361100909364,0.916,76.12754350027733,,0.1020364704040049,0.0,0.01636967773733676,0.0,0.8979635295959949,1.0,0.01636967773733675,0.0,0.7171735176786889,0.6188
25_05_WW,water,25.0,Amorphous,Amorphous,0.7926280789934734,0.14285714285714285,0.7926280789934734,0.0,0.0,0.0,0.09424276887010521,0.0,0.1131291521364214,0.0,79.39668525112225,82.867,2.7406543025830588,0.906,75.36293154592846,,0.03676086910409421,0.0,0.008144319439144645,0.0,0.9632391308959056,1.0,0.008144319439144641,0.0,0.6128402183080301,0.438
25_06_EW,ethanol,25.0,Amorphous,U13,0.8275150226698977,0.14285714285714285,0.17248497733010248,0.0,0.0,0.0,0.8275150226698977,0.0,0.0,0.0,70.03912991707908,81.103,2.4517126510464404,2.062,68.18496946372923,,0.1776129522042269,0.0,0.02724263230699176,0.0,0.8223870477957729,1.0,0.02724263230699176,0.0,0.7445433288640315,0.6785
25_06_WW,water,25.0,Amorphous,Amorphous,0.6607071173214738,0.14285714285714285,0.6607071173214738,0.0,0.0,0.0,0.3392928826785263,0.0,0.0,0.0,74.13765860443849,79.86,2.772430816147586,1.229,78.05482774035,,0.054168746246777165,0.0,0.008306717528770968,0.0,0.9458312537532226,1.0,0.008306717528770971,0.0,0.701440307952456,0.7727
25_07_EW,ethanol,25.0,U13,U13,0.9057572311298951,0.14285714285714285,0.09424276887010523,0.0,0.0,0.0,0.9057572311298951,0.0,0.0,0.0,63.48827597687323,71.319,3.147105376493088,1.508,67.43307782751698,75.0,0.2035944574152339,0.22706871095264972,0.0341174916826843,0.022668352419948884,0.7964055425847661,0.7729312890473503,0.0341174916826843,0.022668352419948856,0.5891441283070334,0.7499
25_07_WW,water,25.0,U13,Amorphous,0.5824649088614766,0.14285714285714285,0.5824649088614766,0.0,0.0,0.0,0.4175350911385236,0.0,0.0,0.0,68.96444064283166,72.626,2.289057239247101,0.709,66.65465371842338,99.0,0.07686532675345048,0.14778958190894098,0.008813409569140989,0.02177561734422942,0.9231346732465494,0.852210418091059,0.008813409569140998,0.021775617344229493,0.6737567220595737,0.5886
25_08_EW,ethanol,25.0,Sodalite,Sodalite,0.5984654692715845,0.14285714285714285,0.4015345307284157,0.5984654692715845,0.0,0.0,0.0,0.0,0.0,0.0,81.85422305678343,73.219,2.203722768086628,4.616,81.23740904095384,85.0,0.1561917172089155,0.25161770742857814,0.027342119884654455,0.06786404761994946,0.8438082827910844,0.748382292571422,0.027342119884654445,0.06786404761994952,0.47512729571768275,0.212
25_08_WW,water,25.0,Amorphous,Amorphous,0.770950446601687,0.14285714285714285,0.770950446601687,0.0,0.0,0.0,0.0,0.0,0.22904955339831326,0.0,79.95629127886127,83.148,1.4800428653278432,2.781,79.7160749880954,,0.03796366350080044,0.0,0.008919611913267424,0.0,0.9620363364991993,1.0,0.008919611913267421,0.0,0.6758308076797984,0.2901
25_09_EW,ethanol,25.0,Sodalite,Sodalite,0.6821001944803411,0.14285714285714285,0.3178998055196587,0.6821001944803411,0.0,0.0,0.0,0.0,0.0,0.0,86.25834078994771,73.694,2.2049853615856065,4.642,81.99525358767964,81.0,0.17632225702784426,0.23936120673194436,0.03278400201509125,0.03932460142920041,0.823677742972156,0.7606387932680557,0.032784002015091254,0.039324601429200384,0.4100934472052255,0.2613
25_09_WW,water,25.0,ZIF-C,Amorphous,0.7079020724764641,0.14285714285714285,0.7079020724764641,0.0,0.0,0.0,0.0,0.0,0.2920979275235356,0.0,86.58937527506485,82.96,1.6939006681192126,0.976,74.91873877910417,80.0,0.04876282060890266,0.16447730173813999,0.008893506900414575,0.02786435695685353,0.9512371793910979,0.83552269826186,0.00889350690041457,0.027864356956853513,0.5694555725752473,0.573
25_10_EW,ethanol,25.0,Sodalite,Sodalite,0.5952527531576588,0.14285714285714285,0.4047472468423412,0.5952527531576588,0.0,0.0,0.0,0.0,0.0,0.0,79.08500732642274,80.248,2.27230712457066,3.074,75.89350854245517,91.0,0.14078905467652958,0.19776328193424927,0.02459060326066305,0.017087524376335133,0.8592109453234709,0.8022367180657507,0.024590603260663053,0.017087524376335102,0.5072378265996964,0.2001
25_10_WW,water,25.0,ZIF-C,Amorphous,0.5952527531576588,0.14285714285714285,0.5952527531576588,0.0,0.0,0.0,0.0,0.0,0.4047472468423412,0.0,82.65895909688511,81.739,2.0404108276907293,1.271,68.6517331544737,73.0,0.07042671188331222,0.18998921111808467,0.010896885635082077,0.04718440769707063,0.9295732881166883,0.8100107888819154,0.010896885635082072,0.04718440769707061,0.5513403151160454,0.2064
25_11_EW,ethanol,25.0,Amorphous,Sodalite,0.5231502917205119,0.14285714285714285,0.31789980551965863,0.5231502917205119,0.0,0.0,0.15894990275982931,0.0,0.0,0.0,70.35674916648887,73.599,1.85106401890999,1.733,73.26807090521997,,0.14111266490552477,0.0,0.023476538403070246,0.0,0.8588873350944757,1.0,0.023476538403070242,0.0,0.576403784520796,0.5048
25_11_WW,water,25.0,Amorphous,Amorphous,0.5805077732721231,0.14285714285714285,0.5805077732721231,0.0,0.0,0.0,0.08684744132268245,0.0,0.3326447854051942,0.0,71.7748975720815,79.484,2.905104139085819,1.877,66.42953033006825,,0.08063705946021475,0.0,0.01857191457121444,0.0,0.9193629405397857,1.0,0.018571914571214432,0.0,0.5433394585659009,0.1248
25_12_EW,ethanol,25.0,U13,Sodalite,0.39000226695680557,0.14285714285714285,0.3326447854051943,0.39000226695680557,0.0,0.0,0.2773529476380001,0.0,0.0,0.0,70.00992077198681,45.957,1.8745809460432308,2.612,71.86014967137521,61.0,0.15649964649458126,0.1938641227925171,0.026739368778561635,0.06333923327812302,0.8435003535054189,0.8061358772074829,0.026739368778561638,0.06333923327812307,0.5397912569370665,0.6125
25_12_WW,water,25.0,U13,Amorphous,0.7394576760319524,0.14285714285714285,0.7394576760319524,0.0,0.0,0.0,0.08684744132268246,0.0,0.17369488264536495,0.0,72.1212029832771,41.903,1.7717335018449463,15.557,76.0,80.0,0.04757403903049093,0.13752614114481052,0.00762043379932414,0.02469500290083675,0.9524259609695094,0.8624738588551896,0.007620433799324146,0.02469500290083673,0.5084561530348537,0.3913
25_13_EW,ethanol,25.0,U13,U13,0.7542026559174879,0.14285714285714285,0.08684744132268245,0.1589499027598293,0.0,0.0,0.7542026559174879,0.0,0.0,0.0,64.58706239050727,50.517,3.7582211007160518,1.78,67.91295433446912,64.0,0.2023981035940372,0.23795126194457336,0.04624082227692389,0.006421869777601904,0.7976018964059631,0.7620487380554266,0.04624082227692389,0.006421869777601914,0.5268583529545527,0.6695
25_13_WW,water,25.0,U13,Amorphous,0.4936603319494407,0.14285714285714285,0.4936603319494407,0.0,0.0,0.0,0.4194922267278767,0.0,0.08684744132268243,0.0,67.05495575836702,55.902,3.59437956746239,3.251,78.74432194205285,63.0,0.09253648447425922,0.14762035714560529,0.012656923793539516,0.019809635274159736,0.9074635155257411,0.8523796428543947,0.012656923793539537,0.01980963527415973,0.6126288975602592,0.5519
25_14_EW,ethanol,25.0,U13,U13,1.0000000000000002,0.14285714285714285,0.0,0.0,0.0,0.0,1.0000000000000002,0.0,0.0,0.0,57.85429425867128,35.793,2.9324814058225463,13.608,71.94492886233604,34.0,0.21937386790838614,0.2443236089418183,0.03457291539497525,0.036719930548104865,0.7806261320916139,0.7556763910581816,0.03457291539497526,0.036719930548104886,0.5210808138563983,0.5842
25_14_WW,water,25.0,U13,U13,0.6304665900918003,0.14285714285714285,0.3129688338399893,0.0,0.0,0.0,0.6304665900918003,0.0,0.0565645760682107,0.0,61.98329163895798,43.124,3.4759416163210957,0.861,68.26300582666849,65.0,0.1238361933225709,0.23632549263517758,0.01263856503704369,0.03642355110620068,0.8761638066774289,0.7636745073648225,0.012638565037043718,0.03642355110620067,0.5588400895904477,0.5098
25_15_EW,ethanol,25.0,Sodalite,Sodalite,0.9434354239317895,0.14285714285714285,0.0565645760682107,0.9434354239317895,0.0,0.0,0.0,0.0,0.0,0.0,76.7341409754827,76.924,2.239522773559367,2.303,80.25134255624452,76.0,0.2566959754809164,0.30292422051437784,0.04566362449682508,0.038526528144260434,0.7433040245190834,0.6970757794856222,0.04566362449682506,0.0385265281442604,0.24756553854418478,0.1791
25_15_WW,water,25.0,Amorphous,Amorphous,0.6550300453397953,0.14285714285714285,0.6550300453397953,0.0,0.0,0.0,0.0,0.0,0.344969954660205,0.0,77.78777835748852,65.673,2.40702699025406,0.651,78.13404381168594,,0.05414548606229261,0.0,0.006708770466671214,0.0,0.945854513937707,1.0,0.006708770466671212,0.0,0.43193661466180294,0.1301
25_16_EW,ethanol,25.0,Sodalite,Sodalite,0.9999999999999998,0.14285714285714285,0.0,0.9999999999999998,0.0,0.0,0.0,0.0,0.0,0.0,77.18375335155264,80.628,2.1512639947582217,1.67,76.68254340027424,73.0,0.27728035037886967,0.29532942952214436,0.04749025756353201,0.018129893778240813,0.7227196496211306,0.7046705704778556,0.04749025756353201,0.018129893778240876,0.21729306762027417,0.1218
25_16_WW,water,25.0,ZIF-C,ZIF-C,0.6821001944803411,0.14285714285714285,0.3178998055196587,0.0,0.0,0.0,0.0,0.0,0.6821001944803411,0.0,77.17174441501827,77.041,2.2973998564393106,3.906,69.3154231526374,74.0,0.12723362964012241,0.1517451573178931,0.022284223546977795,0.002626854436300023,0.8727663703598779,0.8482548426821069,0.022284223546977774,0.002626854436300023,0.32287320462066565,0.1558
25_17_EW,ethanol,25.0,Sodalite,Sodalite,0.9131525586773171,0.14285714285714285,0.08684744132268245,0.9131525586773171,0.0,0.0,0.0,0.0,0.0,0.0,78.13831098731788,14.136,2.112473423160541,2.768,72.51637794453838,61.0,0.27824549975378404,0.17984099789518812,0.04458359900278743,0.017843208975609984,0.7217545002462161,0.8201590021048119,0.044583599002787445,0.017843208975609953,0.2473732622205933,0.0565
25_17_WW,water,25.0,ZIF-C,ZIF-C,0.7689476358030235,0.14285714285714285,0.23105236419697617,0.0,0.0,0.0,0.0,0.0,0.7689476358030235,0.0,77.0310118180081,19.072,2.681702414924824,3.363,62.89257642088885,63.0,0.14922154528302542,0.2257921546339864,0.027770950399444893,0.04367381016389202,0.850778454716975,0.7742078453660136,0.02777095039944488,0.04367381016389196,0.28087209939701163,0.2027
25_18_EW,ethanol,25.0,Sodalite,Sodalite,0.7542026559174879,0.14285714285714285,0.08684744132268245,0.7542026559174879,0.0,0.0,0.15894990275982931,0.0,0.0,0.0,63.668627123337586,23.35,2.2131629191295454,5.257,65.52995859960298,60.0,0.2849218845384772,0.24240429216112128,0.05040955154328676,0.022284235194367084,0.715078115461523,0.7575957078388788,0.05040955154328677,0.02228423519436709,0.26911413471799067,0.0785
25_18_WW,water,25.0,ZIF-C,ZIF-C,0.5636971496021704,0.14285714285714285,0.34945540907514694,0.0,0.0,0.0,0.08684744132268245,0.0,0.5636971496021704,0.0,64.94211748758298,4.791,3.891692507357909,2.893,60.09044250369946,70.0,0.1269284355168009,0.23076926397215813,0.024344829201281722,0.05565370040613255,0.8730715644831994,0.769230736027842,0.024344829201281715,0.05565370040613255,0.29690777373831306,0.1159
25_19_EW,ethanol,25.0,Sodalite,Sodalite,0.5952527531576588,0.14285714285714285,0.0,0.5952527531576588,0.0,0.0,0.40474724684234115,0.0,0.0,0.0,59.53657797857825,35.236,2.921177192117327,3.99,61.9587171157156,78.0,0.3194210373667932,0.2521839747713633,0.0611507392046932,0.06109450784694097,0.6805789626332068,0.7478160252286367,0.0611507392046932,0.061094507846941044,0.3045002970590234,0.0489
25_19_WW,water,25.0,ZIF-C,ZIF-C,0.4047472468423412,0.14285714285714285,0.3347104291896114,0.0,0.0,0.0,0.2605423239680474,0.0,0.4047472468423412,0.0,60.17550597717814,35.138,5.045940627296451,4.565,55.66977492523197,95.0,0.1354140135565251,0.16939898734254955,0.024493679695528386,0.0122817225881528,0.8645859864434751,0.8306010126574505,0.024493679695528386,0.01228172258815287,0.3662466821390341,0.1896
25_20_EW,ethanol,25.0,U13,U13,0.6550300453397953,0.14285714285714285,0.0,0.34496995466020497,0.0,0.0,0.6550300453397953,0.0,0.0,0.0,57.907613993659595,45.482,3.9402017223236183,5.532,64.49772708126474,81.0,0.27544675102431765,0.22064856895939036,0.05111017730612686,0.05312526242721054,0.7245532489756823,0.7793514310406096,0.05111017730612689,0.05312526242721047,0.3430146462100839,0.2386
25_20_WW,water,25.0,U13,U13,0.4483024074644378,0.14285714285714285,0.28496984633535466,0.0,0.0,0.0,0.4483024074644378,0.0,0.26672774620020767,0.0,59.337604068396615,46.976,3.878115659796653,9.152,61.805347330268816,57.0,0.1368309123971686,0.2552831738741224,0.017834241459157244,0.03805429590177544,0.8631690876028314,0.7447168261258774,0.017834241459157265,0.038054295901775524,0.46610176969072165,0.3727
25_21_EW,ethanol,25.0,Sodalite,Sodalite,1.0000000000000002,0.14285714285714285,0.0,1.0000000000000002,0.0,0.0,0.0,0.0,0.0,0.0,76.39783260545829,69.299,2.1059593098278944,0.412,71.83171858322659,75.0,0.3209434620328794,0.2582212426311273,0.04540923041432321,0.038284952870896505,0.6790565379671206,0.7417787573688727,0.04540923041432319,0.038284952870896435,0.11037771026359904,0.1214
25_21_WW,water,25.0,Amorphous,Amorphous,0.47345538407556503,0.14285714285714285,0.47345538407556503,0.06844550912780861,0.0,0.0,0.0,0.0,0.4580991067966264,0.0,74.92043296132687,68.398,2.299195224429297,3.386,71.49739584363964,,0.09598401977907774,0.0,0.011117694840951068,0.0,0.904015980220922,1.0,0.01111769484095106,0.0,0.2662407153042193,0.2599
25_22_EW,ethanol,25.0,Sodalite,Sodalite,0.9999999999999996,0.14285714285714285,0.0,0.9999999999999996,0.0,0.0,0.0,0.0,0.0,0.0,77.81776368303802,92.847,1.7968640139598946,1.795,69.82719152894242,68.0,0.35634874826336554,0.3988332180090528,0.05342660216302099,0.08410175660053715,0.6436512517366348,0.6011667819909472,0.053426602163020975,0.08410175660053723,0.08117297060806052,0.0557
25_22_WW,water,25.0,ZIF-C,ZIF-C,0.5952527531576587,0.14285714285714285,0.31789980551965863,0.08684744132268245,0.0,0.0,0.0,0.0,0.5952527531576587,0.0,74.20436663105528,84.464,2.576126842428381,2.526,60.91763930019435,68.0,0.13141178479271484,0.2370883902360478,0.021978440368986274,0.026941398083566943,0.8685882152072857,0.7629116097639522,0.02197844036898626,0.02694139808356688,0.2034980618245504,0.4038
25_23_EW,ethanol,25.0,Sodalite,Sodalite,0.9999999999999996,0.14285714285714285,0.0,0.9999999999999996,0.0,0.0,0.0,0.0,0.0,0.0,72.4319166912743,75.77,1.9730203965599311,2.66,60.38144687121027,57.0,0.42184492982045063,0.5281267840777301,0.061098566377489325,0.0892745192559192,0.5781550701795495,0.47187321592227,0.06109856637748934,0.08927451925591917,0.05892057476698146,0.0491
25_23_WW,water,25.0,ZIF-C,ZIF-C,0.8410500972401703,0.14285714285714285,0.07210246143714687,0.08684744132268245,0.0,0.0,0.0,0.0,0.8410500972401703,0.0,69.18328693985215,62.667,2.079031378847152,6.182,55.37595435828836,61.0,0.20352946651503578,0.17199597949643994,0.03394579421438723,0.053178299958685366,0.7964705334849644,0.8280040205035601,0.033945794214387204,0.05317829995868538,0.18692461789964437,0.1615
25_24_EW,ethanol,25.0,Sodalite,Sodalite,0.9999999999999996,0.14285714285714285,0.0,0.9999999999999996,0.0,0.0,0.0,0.0,0.0,0.0,68.62154624340631,38.292,2.167474672095698,5.293,55.24874939945472,46.0,0.45208154865355404,0.5543899045400575,0.08764603348868649,0.02255799591131077,0.547918451346446,0.44561009545994246,0.08764603348868652,0.02255799591131074,0.05728003374032976,0.0174
25_24_WW,water,25.0,ZIF-C,ZIF-C,0.9278975385628527,0.14285714285714285,0.07210246143714687,0.0,0.0,0.0,0.0,0.0,0.9278975385628527,0.0,65.96983615796819,37.393,3.959915096122596,3.479,50.58777952681717,49.0,0.2043333651905966,0.19902929990024043,0.029283717544909237,0.05916422673809126,0.7956666348094037,0.8009707000997596,0.029283717544909244,0.059164226738091207,0.14045801909494793,0.0924
25_25_EW,ethanol,25.0,Sodalite,Sodalite,0.770950446601687,0.14285714285714285,0.0,0.770950446601687,0.0,0.0,0.22904955339831318,0.0,0.0,0.0,62.22497779484456,54.2,3.1941477078789737,2.701,59.39025408902672,38.0,0.4093271565463382,0.5496558698747315,0.0757832059535008,0.10861464392765503,0.5906728434536616,0.45034413012526847,0.07578320595350083,0.10861464392765507,0.10091781504826186,0.0087
25_25_WW,water,25.0,ZIF-C,ZIF-C,0.6927082381416896,0.14285714285714285,0.15648441691999462,0.0,0.0,0.0,0.15080734493831588,0.0,0.6927082381416896,0.0,60.7518357504433,48.48,4.047333765176164,11.08,45.172801467117814,51.0,0.18557270746069665,0.2076624783268176,0.026033734638090503,0.0546159732786069,0.8144272925393031,0.7923375216731824,0.026033734638090514,0.054615973278606914,0.19934164867398413,0.0558
25_26_EW,ethanol,25.0,Sodalite,Sodalite,1.0000000000000002,0.14285714285714285,0.0,1.0000000000000002,0.0,0.0,0.0,0.0,0.0,0.0,81.1476949654193,83.5,1.7209253070422494,2.736,71.67795925574144,75.0,0.36640634447151654,0.3230469824224705,0.05091943481157155,0.0425481657321368,0.6335936555284832,0.6769530175775297,0.05091943481157153,0.04254816573213676,0.08214985455827539,0.1058
25_26_WW,water,25.0,Amorphous,ZIF-C,0.4420985463865185,0.14285714285714285,0.39521317561556774,0.16268827799791383,0.0,0.0,0.0,0.0,0.4420985463865185,0.0,76.67424385588043,74.881,2.1039836427192324,1.699,61.11328647161176,,0.12612887765282194,0.0,0.019877877807167148,0.0,0.8738711223471781,1.0,0.019877877807167137,0.0,0.1932508451672025,0.3388
25_27_EW,ethanol,25.0,Sodalite,Sodalite,0.9999999999999998,0.14285714285714285,0.0,0.9999999999999998,0.0,0.0,0.0,0.0,0.0,0.0,89.044172149878,93.116,1.7017020092623185,0.867,64.45076970410302,61.0,0.4537962141902969,0.46816064985267386,0.059752883035203146,0.08940933784000389,0.5462037858097033,0.5318393501473261,0.05975288303520315,0.08940933784000384,0.05904768209219694,0.0248
25_27_WW,water,25.0,Sodalite,ZIF-C,0.7542026559174879,0.14285714285714285,0.2457973440825118,0.0,0.0,0.0,0.0,0.0,0.7542026559174879,0.0,85.19878411456222,90.195,2.1450367723762147,0.163,56.02504759395193,60.0,0.159560443177795,0.21376029988666148,0.02308222589040817,0.03264374149732687,0.8404395568222053,0.7862397001133385,0.02308222589040817,0.03264374149732681,0.18039007375900615,0.1604
25_28_EW,ethanol,25.0,Sodalite,Sodalite,0.9999999999999998,0.14285714285714285,0.0,0.9999999999999998,0.0,0.0,0.0,0.0,0.0,0.0,82.51793388975717,92.038,1.6224314954664085,0.561,50.08979214948062,49.0,0.5470174928232536,0.603589278582933,0.08025300454055682,0.034463417581697645,0.4529825071767465,0.39641072141706707,0.08025300454055682,0.034463417581697665,0.03387301262140439,0.0336
25_28_WW,water,25.0,ZIF-C,ZIF-C,0.8263051173546347,0.14285714285714285,0.0,0.08684744132268248,0.08684744132268246,0.0,0.0,0.0,0.8263051173546347,0.0,81.17143619020936,89.082,2.5571688547589746,0.871,47.32940725663839,52.0,0.2307050783294411,0.20788348578985696,0.03874567162884015,0.011610910852095932,0.7692949216705589,0.792116514210143,0.03874567162884015,0.011610910852095925,0.11758942586839433,0.102
25_29_EW,ethanol,25.0,Sodalite,Sodalite,1.0000000000000002,0.14285714285714285,0.0,1.0000000000000002,0.0,0.0,0.0,0.0,0.0,0.0,73.68118298590906,68.76,2.275602790443783,0.778,44.720585522252456,31.0,0.5630882465223527,0.6736960064965132,0.07948943414956189,0.12782481490009379,0.4369117534776472,0.32630399350348677,0.07948943414956192,0.12782481490009379,0.022621765319652227,0.0066
25_29_WW,water,25.0,ZIF-C,ZIF-C,0.9057572311298949,0.14285714285714285,0.0,0.0,0.09424276887010519,0.0,0.0,0.0,0.9057572311298949,0.0,72.97688664852018,67.045,4.018444317210683,1.14,43.81124430375991,31.0,0.23107524130670223,0.23867562118824256,0.038248236478061776,0.011519246505021083,0.7689247586932978,0.7613243788117573,0.03824823647806179,0.01151924650502104,0.09241689780178744,0.1143
25_30_EW,ethanol,25.0,Sodalite,Sodalite,1.0000000000000002,0.14285714285714285,0.0,1.0000000000000002,0.0,0.0,0.0,0.0,0.0,0.0,85.86876907313395,92.487,1.7604685927619494,4.688,64.9105570783923,70.0,0.40723246745983444,0.3765424358957305,0.05373594041555129,0.09581457222850656,0.5927675325401656,0.6234575641042697,0.053735940415551284,0.0958145722285066,0.07743693836336063,0.0565
25_30_WW,water,25.0,Amorphous,ZIF-C,0.4574548236654572,0.14285714285714285,0.2667277462002077,0.2192528540661245,0.0565645760682107,0.0,0.0,0.0,0.4574548236654572,0.0,85.69374173834129,84.998,1.4348974767208291,2.055,54.893252559220656,,0.16800439698317082,0.0,0.02907847020861062,0.0,0.8319956030168292,1.0,0.02907847020861062,0.0,0.16918431991908425,0.1219
25_31_EW,ethanol,25.0,Sodalite,Sodalite,0.9999999999999996,0.14285714285714285,0.0,0.9999999999999996,0.0,0.0,0.0,0.0,0.0,0.0,92.66546086637344,92.397,1.7143457880521025,0.713,51.18682477175463,53.0,0.4873588227108041,0.5219439428043999,0.0631646464050054,0.04134099438308308,0.5126411772891962,0.4780560571956,0.06316464640500541,0.04134099438308315,0.05545094248873403,0.0398
25_31_WW,water,25.0,ZIF-C,ZIF-C,0.5657627933865875,0.14285714285714285,0.17369488264536492,0.08684744132268243,0.17369488264536492,0.0,0.0,0.0,0.5657627933865875,0.0,92.19150752906873,96.396,0.9788747253645534,2.718,48.108684845371215,52.0,0.20061023668321254,0.204009558060766,0.03223630756210331,0.029981679891312788,0.7993897633167878,0.795990441939234,0.032236307562103314,0.0299816798913128,0.13167032447728308,0.1625
25_32_EW,ethanol,25.0,Sodalite,Sodalite,1.0000000000000002,0.14285714285714285,0.0,1.0000000000000002,0.0,0.0,0.0,0.0,0.0,0.0,90.22539290092735,92.038,1.0378167679839745,2.417,43.916412396644425,27.0,0.5635652656408017,0.6333411849890699,0.06168708805778691,0.10803600150982298,0.4364347343591981,0.3666588150109303,0.06168708805778692,0.10803600150982304,0.028470526504779783,0.0287
25_32_WW,water,25.0,Diamondoid,ZIF-C,0.7241825698656649,0.14285714285714285,0.0565645760682107,0.0,0.21925285406612455,0.0,0.0,0.0,0.7241825698656649,0.0,90.82271273193673,93.927,1.5861280159822677,1.62,40.691253642543124,29.0,0.27316698949491625,0.32108981463462155,0.030230641129002974,0.08048405119375632,0.7268330105050836,0.6789101853653783,0.030230641129002978,0.08048405119375637,0.11002822199213226,0.0226
25_33_EW,ethanol,25.0,Sodalite,Sodalite,1.0000000000000002,0.14285714285714285,0.0,1.0000000000000002,0.0,0.0,0.0,0.0,0.0,0.0,87.53988656954843,90.42,2.2675741936132874,0.679,59.11629277216775,65.0,0.3938635565843931,0.4005098558933949,0.04569769739252787,0.13039121219265182,0.6061364434156069,0.5994901441066051,0.04569769739252787,0.13039121219265187,0.07298559965139023,0.084
25_33_WW,water,25.0,Amorphous,ZIF-C,0.5356970321254546,0.14285714285714285,0.09424276887010523,0.2758174301343352,0.09424276887010521,0.0,0.0,0.0,0.5356970321254546,0.0,89.06679016183871,89.557,1.6431232415673367,0.57,51.50354060724658,,0.20310060301934305,0.0,0.032198263998687464,0.0,0.7968993969806569,1.0,0.032198263998687464,0.0,0.14751788109293257,0.2195
25_34_EW,ethanol,25.0,Sodalite,Sodalite,1.0000000000000002,0.14285714285714285,0.0,1.0000000000000002,0.0,0.0,0.0,0.0,0.0,0.0,91.9316642389572,93.206,1.7554028556232648,1.348,52.09691640139423,39.0,0.43398643973829115,0.6329414996961492,0.057585700103744135,0.061406661877825584,0.5660135602617089,0.36705850030385084,0.057585700103744156,0.06140666187782563,0.06169233318076809,0.0096
25_34_WW,water,25.0,Diamondoid,ZIF-C,0.5356970321254546,0.14285714285714285,0.09424276887010521,0.15080734493831588,0.21925285406612455,0.0,0.0,0.0,0.5356970321254546,0.0,94.61166283404867,91.362,1.2509110329021786,1.079,44.29638675304878,40.0,0.24316648243778022,0.3566244987691955,0.031610488401215754,0.05948340807815479,0.75683351756222,0.6433755012308046,0.03161048840121575,0.05948340807815479,0.13972795394621762,0.1023
25_35_EW,ethanol,25.0,Sodalite,Sodalite,1.0,0.14285714285714285,0.0,1.0,0.0,0.0,0.0,0.0,0.0,0.0,91.62928323013706,90.42,1.8734229550178034,0.824,56.85936822093674,57.0,0.4342270886863544,0.25890069944286914,0.06459589372716452,0.03260161261900948,0.5657729113136457,0.7410993005571309,0.06459589372716454,0.03260161261900947,0.05906526209384597,0.1026
25_35_WW,water,25.0,Sodalite,ZIF-C,0.45675214757062405,0.14285714285714285,0.1664073715733848,0.1448784799394483,0.23196200091654287,0.0,0.0,0.0,0.45675214757062405,0.0,92.2449983326919,93.262,1.0656142776534416,2.612,48.37377379233916,48.0,0.21961135237729446,0.1905333999632911,0.03157069922656895,0.006435925584413353,0.7803886476227054,0.8094666000367088,0.031570699226568945,0.006435925584413295,0.14770289106637072,0.1927
25_36_EW,ethanol,25.0,U13,U13,0.942813809083969,0.14285714285714285,0.057186190916031145,0.0,0.0,0.0,0.942813809083969,0.0,0.0,0.0,56.926686675838766,54.11,3.4984653885565953,0.809,69.75542501576199,48.0,0.21689057564914388,0.2689434134218293,0.03426357146036778,0.01825969244573868,0.7831094243508561,0.7310565865781706,0.034263571460367764,0.018259692445738773,0.5882986125988462,0.135
25_36_WW,water,25.0,U13,U13,0.5767392433341659,0.14285714285714285,0.4232607566658342,0.0,0.0,0.0,0.5767392433341659,0.0,0.0,0.0,61.51358680792319,57.261,3.3206583470756237,0.165,66.46556110502084,70.0,0.10999643195433008,0.15926002743821596,0.018828369192930777,0.0019374998905819138,0.8900035680456699,0.8407399725617841,0.018828369192930787,0.0019374998905819433,0.6633323122340627,0.2473
50_01_EW,ethanol,50.0,Amorphous,Amorphous,0.5842522864745875,0.20203050891044216,0.5842522864745875,0.4157477135254126,0.0,0.0,0.0,0.0,0.0,0.0,74.46184340558777,92.587,2.4410112244068825,0.683,81.06914707407256,,0.11145797542983646,0.0,0.016977234842506864,0.0,0.8885420245701635,1.0,0.016977234842506857,0.0,0.5059094002977987,0.9003
50_01_WW,water,50.0,Amorphous,Amorphous,0.9249343302737992,0.20203050891044216,0.9249343302737992,0.0,0.0,0.0,0.0,0.0,0.07506566972620071,0.0,71.2251966417565,90.822,2.1862149934755646,0.774,83.0,,0.013074223225906961,0.0,0.0043466081907492056,0.0,0.986925776774093,1.0,0.004346608190749208,0.0,0.7479933037242306,0.9577
50_02_EW,ethanol,50.0,Amorphous,Amorphous,0.6465105784992573,0.20203050891044208,0.6465105784992573,0.3534894215007427,0.0,0.0,0.0,0.0,0.0,0.0,75.73584074112989,97.514,2.651669442621982,1.066,79.81246080523681,,0.10039042467526607,0.0,0.012378769597272654,0.0,0.8996095753247338,1.0,0.012378769597272639,0.0,0.4970057888641894,0.7573
50_02_WW,water,50.0,Amorphous,Amorphous,0.756962167784076,0.20203050891044208,0.756962167784076,0.0,0.0,0.0,0.0,0.0,0.243037832215924,0.0,66.28829512233979,91.027,2.4838360021383075,0.615,79.45400647629822,,0.04130169965705641,0.0,0.0091629407442963,0.0,0.9586983003429436,1.0,0.009162940744296301,0.0,0.7005053782968399,1.0
50_03_EW,ethanol,50.0,Amorphous,Amorphous,0.5802174570337046,0.20203050891044208,0.5802174570337046,0.4197825429662953,0.0,0.0,0.0,0.0,0.0,0.0,68.98260742547716,90.616,3.055312127727131,1.488,68.84022918793914,,0.11541736262251148,0.0,0.011635097660073064,0.0,0.8845826373774885,1.0,0.011635097660073057,0.0,0.4905840522375258,0.3199
50_03_WW,water,50.0,Amorphous,Amorphous,0.7790968214303626,0.20203050891044208,0.7790968214303626,0.0,0.0,0.0,0.0,0.0,0.22090317856963732,0.0,67.13765566264107,91.643,2.298819855273507,2.017,83.0,,0.038362095621794816,0.0,0.00982393182459149,0.0,0.9616379043782052,1.0,0.009823931824591492,0.0,0.7338783721539952,1.0
50_04_EW,ethanol,50.0,Amorphous,Amorphous,0.5000000000000001,0.20203050891044214,0.5000000000000001,0.24303783221592407,0.0,0.0,0.256962167784076,0.0,0.0,0.0,65.57266925973833,83.422,3.1198757425832335,0.836,78.05003970425653,,0.11066835023572662,0.0,0.030736214188635713,0.0,0.8893316497642734,1.0,0.030736214188635702,0.0,0.5022693115494022,0.771
50_04_WW,water,50.0,Amorphous,Amorphous,0.6243759248529708,0.20203050891044214,0.6243759248529708,0.0,0.0,0.0,0.0,0.0,0.3756240751470294,0.0,63.62467939427894,95.744,2.7391655650271622,0.774,79.99970491914486,,0.06956771531614495,0.0,0.011454374058922608,0.0,0.930432284683855,1.0,0.011454374058922606,0.0,0.5846138512884383,0.9682
50_05_EW,ethanol,50.0,U13,Amorphous,0.5000000000000001,0.20203050891044214,0.5000000000000001,0.19887936439665804,0.0,0.0,0.301120635603342,0.0,0.0,0.0,61.90128405900511,83.717,2.6801973167945237,1.969,77.6086767050105,87.0,0.1224786633779784,0.1982451673984855,0.028440307533239822,0.027117301787152583,0.8775213366220216,0.8017548326015146,0.028440307533239822,0.02711730178715256,0.5505960142038739,0.6784
50_05_WW,water,50.0,Amorphous,Amorphous,0.7569621677840761,0.20203050891044214,0.7569621677840761,0.0,0.0,0.0,0.11045158928481869,0.0,0.13258624293110538,0.0,67.69927419545603,93.591,2.3986110723827747,2.841,73.54462534815111,,0.04357810184090831,0.0,0.010331345567193242,0.0,0.9564218981590916,1.0,0.01033134556719324,0.0,0.7304313538580552,0.7036
50_06_EW,ethanol,50.0,U13,U13,0.8534894215007426,0.20203050891044208,0.1465105784992573,0.0,0.0,0.0,0.8534894215007426,0.0,0.0,0.0,52.52543776170697,71.596,4.566900510600089,0.903,76.04309415512562,83.0,0.21415269780485313,0.2341576122906288,0.031738255819765186,0.06161967946734219,0.7858473021951471,0.7658423877093711,0.031738255819765186,0.061619679467342175,0.6305515453761021,0.8417
50_06_WW,water,50.0,Amorphous,U13,0.48607566443184796,0.20203050891044208,0.44763121410259926,0.0,0.0,0.0,0.48607566443184796,0.0,0.06629312146555266,0.0,49.228769253062445,85.286,3.6378388801536516,1.694,69.278699709677,,0.09863683864514397,0.0,0.012207827198387908,0.0,0.9013631613548561,1.0,0.012207827198387913,0.0,0.6892846109201084,1.0
50_07_EW,ethanol,50.0,U13,U13,0.9337068785344473,0.20203050891044208,0.06629312146555268,0.0,0.0,0.0,0.9337068785344473,0.0,0.0,0.0,45.167573033916696,32.472,4.4690235346432425,5.052,68.3119247372166,71.0,0.24979135348882664,0.2378018062118854,0.03618464911493671,0.019130106872099126,0.7502086465111736,0.7621981937881146,0.03618464911493671,0.01913010687209916,0.6090351641739162,0.0806
50_07_WW,water,50.0,Amorphous,U13,0.6767447107503713,0.20203050891044208,0.32325528924962865,0.0,0.0,0.0,0.6767447107503713,0.0,0.0,0.0,51.7878364433192,42.841,3.6660595720969047,3.289,61.94622419210005,,0.12360372683220612,0.0,0.020289440860019645,0.0,0.8763962731677939,1.0,0.020289440860019645,0.0,0.7047025759804384,0.945
50_08_EW,ethanol,50.0,Sodalite,Sodalite,0.6465105784992573,0.20203050891044208,0.35348942150074264,0.6465105784992573,0.0,0.0,0.0,0.0,0.0,0.0,67.42351059561403,43.115,3.44520425365232,2.232,72.76806333482942,81.0,0.17859208658294373,0.2766670904776633,0.024362329406598285,0.05416684311409242,0.8214079134170563,0.7233329095223366,0.024362329406598278,0.05416684311409234,0.3540567208304633,0.1238
50_08_WW,water,50.0,Amorphous,Amorphous,0.6906690463185233,0.20203050891044208,0.6906690463185233,0.06629312146555266,0.0,0.0,0.0,0.0,0.243037832215924,0.0,63.47815939733159,35.561,2.315784773168783,2.687,77.42790597710693,,0.051915176732893094,0.0,0.01081085641427354,0.0,0.9480848232671069,1.0,0.010810856414273541,0.0,0.5176588154697598,1.0
50_09_EW,ethanol,50.0,Sodalite,Sodalite,0.6751962503520678,0.20203050891044208,0.3248037496479324,0.6751962503520678,0.0,0.0,0.0,0.0,0.0,0.0,61.50656772613356,38.483,2.5581751800796106,8.91,70.00860493314067,79.0,0.19067818169075992,0.2828013609149636,0.031864820436713986,0.010306249716421276,0.80932181830924,0.7171986390850363,0.03186482043671397,0.010306249716421273,0.3349814855389011,0.0392
50_09_WW,water,50.0,ZIF-C,Amorphous,0.7510959404547954,0.20203050891044208,0.7510959404547954,0.0,0.0,0.0,0.0,0.0,0.2489040595452048,0.0,59.20294122903341,17.824,2.804595627948818,4.069,79.15031783225393,83.0,0.042104840649795444,0.17417047331482838,0.006226987997044727,0.05790407527972907,0.9578951593502048,0.8258295266851716,0.006226987997044724,0.0579040752797291,0.5429127072096852,0.3136
50_10_EW,ethanol,50.0,Sodalite,Sodalite,0.5737078091931374,0.20203050891044214,0.30446532347679145,0.5737078091931374,0.0,0.0,0.12182686733007148,0.0,0.0,0.0,59.02411625424688,31.683,4.459028632713125,2.098,63.90399174817699,80.0,0.2139191561412862,0.22060883528333122,0.042279418246503775,0.02238038120226726,0.7860808438587137,0.7793911647166687,0.04227941824650377,0.02238038120226726,0.3084626263409934,0.3676
50_10_WW,water,50.0,ZIF-C,Amorphous,0.6496074992958649,0.20203050891044214,0.6496074992958649,0.0,0.0,0.0,0.0,0.0,0.3503925007041353,0.0,59.73685225982917,27.667,2.711926577837927,3.842,75.55819131834856,83.0,0.0626672449525571,0.17314997603489957,0.010898386088478635,0.031039251730792885,0.9373327550474428,0.8268500239651004,0.010898386088478635,0.031039251730792868,0.4971937529763029,0.3478
50_11_EW,ethanol,50.0,Amorphous,Sodalite,0.5609134336650359,0.20203050891044214,0.17519625035206765,0.5609134336650359,0.0,0.0,0.2638903159828967,0.0,0.0,0.0,45.20759820005602,49.521,3.9697793949125675,4.715,64.74970739781372,,0.24746203643249637,0.0,0.05720526862885874,0.0,0.7525379635675035,1.0,0.057205268628858746,0.0,0.309116908522251,0.3595
50_11_WW,water,50.0,Amorphous,Amorphous,0.45942499250610536,0.20203050891044214,0.45942499250610536,0.0,0.0,0.0,0.10148844115893048,0.0,0.43908656633496435,0.0,51.88069608202633,42.328,3.5277296714009756,3.157,72.26789318054954,,0.10365952771203925,0.0,0.016272701067285643,0.0,0.8963404722879608,1.0,0.016272701067285643,0.0,0.42688103228349866,0.7594
50_12_EW,ethanol,50.0,U13,U13,0.5127943755281015,0.20203050891044214,0.1624018748239662,0.32480374964793246,0.0,0.0,0.5127943755281015,0.0,0.0,0.0,41.77192135487459,41.144,4.402977967739183,5.871,62.47760493159172,76.0,0.250635096960711,0.24575746908998816,0.04484018408447875,0.08025606899090706,0.7493649030392889,0.7542425309100119,0.044840184084478756,0.08025606899090708,0.43929465481857477,0.0708
50_12_WW,water,50.0,U13,Amorphous,0.5000000000000001,0.20203050891044214,0.5000000000000001,0.0,0.0,0.0,0.17519625035206765,0.0,0.32480374964793246,0.0,43.310548343802225,34.844,5.487613138130795,3.081,65.91201927720239,79.0,0.10730896748428435,0.12457868095793567,0.014865848705015674,0.03485713367069202,0.8926910325157156,0.8754213190420644,0.014865848705015665,0.03485713367069201,0.5654854403846089,0.4848
50_13_EW,ethanol,50.0,U13,U13,0.8375981251760339,0.20203050891044208,0.06091343366503573,0.10148844115893046,0.0,0.0,0.8375981251760339,0.0,0.0,0.0,43.07670593493824,16.063,3.8747723865556876,11.498,64.69804075689036,74.0,0.24516444525717165,0.17770469488791707,0.03457414421687371,0.02348904573416151,0.7548355547428282,0.822295305112083,0.034574144216873715,0.023489045734161537,0.45322146653126283,0.986
50_13_WW,water,50.0,U13,U13,0.6346212428581731,0.20203050891044208,0.2638903159828967,0.0,0.0,0.0,0.6346212428581731,0.0,0.10148844115893046,0.0,42.851807883366284,18.747,4.290260228111247,5.646,58.070631132871085,79.0,0.150682351416876,0.1431546570245336,0.02000853830420305,0.00842116514203941,0.849317648583124,0.8568453429754664,0.02000853830420306,0.008421165142039402,0.5503312524340839,1.0
50_14_EW,ethanol,50.0,U13,U13,0.8674137570688947,0.20203050891044208,0.0,0.13258624293110532,0.0,0.0,0.8674137570688947,0.0,0.0,0.0,35.35907132972629,38.286,4.843433602293273,2.683,61.48779707463508,57.0,0.24665958053410728,0.24102310671838026,0.03129818287641965,0.024821121260052252,0.7533404194658928,0.7589768932816198,0.03129818287641966,0.024821121260052235,0.44836561565331456,0.6769
50_14_WW,water,50.0,U13,U13,0.756962167784076,0.20203050891044208,0.17674471075037135,0.0,0.0,0.0,0.756962167784076,0.0,0.06629312146555268,0.0,37.168111604144855,25.411,4.327056370880034,8.619,53.85599719863604,38.0,0.17250040601345176,0.2369320237804439,0.023343839267400458,0.02900775764017566,0.8274995939865484,0.7630679762195561,0.023343839267400468,0.029007757640175658,0.5969664350764513,0.5
50_15_EW,ethanol,50.0,Sodalite,Sodalite,0.9337068785344472,0.20203050891044208,0.06629312146555268,0.9337068785344472,0.0,0.0,0.0,0.0,0.0,0.0,56.60606352327299,51.984,3.754381453552103,3.999,69.5764349937381,78.0,0.28270079845949114,0.34284467241480127,0.04513096637350827,0.039983989142548956,0.717299201540509,0.6571553275851988,0.04513096637350826,0.03998398914254892,0.16712830791701755,0.1203
50_15_WW,water,50.0,Amorphous,Amorphous,0.4337068785344473,0.20203050891044208,0.4337068785344473,0.25696216778407593,0.0,0.0,0.0,0.0,0.3093309536814767,0.0,53.717563067866365,47.044,3.0601086597952745,2.628,74.25225364442787,,0.10115782219160126,0.0,0.020940480852747346,0.0,0.8988421778083989,1.0,0.020940480852747356,0.0,0.34903470178646023,0.1847
50_16_EW,ethanol,50.0,Sodalite,Sodalite,0.9390865663349645,0.20203050891044214,0.06091343366503574,0.9390865663349645,0.0,0.0,0.0,0.0,0.0,0.0,48.42451593876416,56.715,4.108320889560204,3.633,71.66634099219797,9.0,0.3113710541636068,0.3862509297733687,0.057563360513030265,0.027558932167471704,0.6886289458363932,0.6137490702266314,0.057563360513030265,0.027558932167471715,0.1305351106784751,0.0313
50_16_WW,water,50.0,Amorphous,Amorphous,0.45942499250610525,0.20203050891044214,0.45942499250610525,0.16240187482396623,0.0,0.0,0.0,0.0,0.37817313266992864,0.0,44.421423168794256,58.834,3.3559191200614005,4.944,76.1589840147207,,0.09688535971609222,0.0,0.015105002760260125,0.0,0.9031146402839078,1.0,0.01510500276026013,0.0,0.24873588169406513,0.2062
50_17_EW,ethanol,50.0,Sodalite,Sodalite,0.7766846915109982,0.20203050891044214,0.16240187482396623,0.7766846915109982,0.0,0.0,0.06091343366503574,0.0,0.0,0.0,46.63297510137637,25.475,3.4589767573084034,9.191,58.11702662652764,47.0,0.3070944527453046,0.42357626061772774,0.055571855341901524,0.18236805704246734,0.6929055472546953,0.5764237393822723,0.05557185534190152,0.1823680570424673,0.15324691361925707,0.0408
50_17_WW,water,50.0,ZIF-C,ZIF-C,0.4518809418630658,0.20203050891044214,0.426292190806863,0.06091343366503574,0.0,0.0,0.06091343366503574,0.0,0.4518809418630658,0.0,46.66903445751772,14.441,3.8898547665861676,4.138,66.58915967179347,82.0,0.11364822983148871,0.18871927133760824,0.019227793951324783,0.011351025764275801,0.8863517701685113,0.8112807286623918,0.01922779395132479,0.011351025764275761,0.2820171380571911,0.0131
50_18_EW,ethanol,50.0,Sodalite,Sodalite,0.7361096840171035,0.20203050891044214,0.10148844115893048,0.7361096840171035,0.0,0.0,0.16240187482396623,0.0,0.0,0.0,36.77855207996198,18.773,4.736069362485336,4.477,52.65036486023059,53.0,0.3546286021822322,0.45115579875770795,0.08423398518426693,0.07513044371384424,0.6453713978177676,0.548844201242292,0.08423398518426692,0.0751304437138443,0.12443336080448478,0.0378
50_18_WW,water,50.0,ZIF-C,ZIF-C,0.6751962503520678,0.20203050891044214,0.22331530848900197,0.0,0.0,0.0,0.10148844115893048,0.0,0.6751962503520678,0.0,33.92329258307897,11.775,4.55772822122664,7.549,59.67323027171737,55.0,0.1587704510355454,0.27664312284025466,0.02472225102868862,0.06672835389809241,0.8412295489644547,0.7233568771597453,0.024722251028688615,0.06672835389809241,0.23886424858083666,0.1203
50_19_EW,ethanol,50.0,Sodalite,Sodalite,0.6346212428581731,0.20203050891044214,0.0,0.6346212428581731,0.0,0.0,0.3653787571418271,0.0,0.0,0.0,30.999726331291868,14.556,4.544607552591143,4.397,61.251810618102674,19.0,0.33694527736763835,0.40252370919835095,0.06602272245665507,0.03360706473100357,0.6630547226323615,0.597476290801649,0.06602272245665508,0.03360706473100357,0.19657300224593474,0.0412
50_19_WW,water,50.0,ZIF-C,ZIF-C,0.5737078091931374,0.20203050891044214,0.06091343366503573,0.0,0.0,0.0,0.3653787571418271,0.0,0.5737078091931374,0.0,31.638143525280142,9.827,5.690252612085425,6.51,54.15164658886728,57.0,0.18778441260111273,0.2778169349804213,0.029401898753495432,0.016788695043391345,0.8122155873988872,0.7221830650195787,0.029401898753495446,0.01678869504339133,0.25804896610296546,0.0897
50_20_EW,ethanol,50.0,U13,U13,0.5662931214655527,0.20203050891044208,0.0,0.4337068785344472,0.0,0.0,0.5662931214655527,0.0,0.0,0.0,29.72988726477824,36.946,5.424324641012604,2.432,55.921168996119924,88.0,0.2768804764670785,0.22602957969718365,0.04554850739520744,0.01851107590529885,0.7231195235329217,0.7739704203028163,0.04554850739520743,0.018511075905298855,0.32122107256504806,0.2011
50_20_WW,water,50.0,U13,U13,0.43370687853444734,0.20203050891044208,0.1465105784992573,0.0,0.0,0.0,0.43370687853444734,0.0,0.41978254296629525,0.0,32.10898910604439,47.967,6.318826160873248,4.339,56.278592255441374,34.0,0.18212869332933948,0.22424831375680102,0.026586451039920977,0.005917582144868761,0.8178713066706607,0.7757516862431989,0.02658645103992098,0.005917582144868775,0.38766490327751324,0.0
50_21_EW,ethanol,50.0,Sodalite,Sodalite,1.0,0.20203050891044214,0.0,1.0,0.0,0.0,0.0,0.0,0.0,0.0,55.009922247449985,66.884,3.6972130070606872,1.504,62.4310982857716,74.0,0.37423941234065555,0.37150186670086643,0.060329663645434135,0.08599080808917249,0.6257605876593443,0.6284981332991335,0.06032966364543411,0.08599080808917244,0.07332313246801715,0.0058
50_21_WW,water,50.0,Sodalite,Amorphous,0.6104515892848188,0.20203050891044214,0.6104515892848188,0.256962167784076,0.0,0.0,0.0,0.0,0.13258624293110538,0.0,47.567236894413504,69.6,2.928350140584352,4.972,67.22301234101168,74.0,0.08943310899858026,0.1458113264926222,0.01861217714175404,0.020334041224426443,0.9105668910014196,0.8541886735073777,0.01861217714175405,0.020334041224426478,0.16778371003164128,0.0
50_22_EW,ethanol,50.0,Sodalite,Sodalite,1.0000000000000002,0.20203050891044214,0.0,1.0000000000000002,0.0,0.0,0.0,0.0,0.0,0.0,48.69305044473322,82.638,4.176384963270902,2.873,56.79024245044192,70.0,0.40575659295799815,0.42749917208939586,0.08144633471573494,0.07439158269909626,0.5942434070420017,0.5725008279106042,0.08144633471573492,0.07439158269909626,0.0672778302655655,0.0641
50_22_WW,water,50.0,Amorphous,ZIF-C,0.4594249925061054,0.20203050891044214,0.2766846915109981,0.2638903159828967,0.0,0.0,0.0,0.0,0.4594249925061054,0.0,46.53255879131764,80.775,3.772068571447322,0.774,64.57054266815271,,0.15224470912935234,0.0,0.023755984592319476,0.0,0.8477552908706475,1.0,0.023755984592319486,0.0,0.1386395727494083,0.0963
50_23_EW,ethanol,50.0,Sodalite,Sodalite,0.9390865663349645,0.20203050891044214,0.06091343366503574,0.9390865663349645,0.0,0.0,0.0,0.0,0.0,0.0,48.65033893077783,30.867,3.7332381646640944,4.222,51.74673007816244,50.0,0.4572200905752667,0.5362451963373888,0.07456074646659204,0.1716269186413486,0.5427799094247333,0.4637548036626113,0.07456074646659203,0.1716269186413486,0.05676116390347599,0.0178
50_23_WW,water,50.0,ZIF-C,ZIF-C,0.614282816687032,0.20203050891044214,0.3248037496479324,0.06091343366503574,0.0,0.0,0.0,0.0,0.614282816687032,0.0,44.70662444076458,30.64,4.419545294094389,3.87,56.27615778093513,50.0,0.1467715654300549,0.17863343641766585,0.02467304561867933,0.021663501811279778,0.8532284345699451,0.8213665635823341,0.02467304561867932,0.021663501811279847,0.15545351109539834,0.0767
50_24_EW,ethanol,50.0,Sodalite,Sodalite,0.9390865663349645,0.20203050891044214,0.0,0.9390865663349645,0.0,0.0,0.06091343366503574,0.0,0.0,0.0,40.535830887657646,22.56,4.6709415801441745,2.741,47.94448877663801,44.0,0.4716281505629415,0.5899110338849028,0.088153941741917,0.06099082049429596,0.5283718494370585,0.4100889661150971,0.08815394174191699,0.06099082049429593,0.027540099000238932,0.0131
50_24_WW,water,50.0,ZIF-C,ZIF-C,0.8781731326699287,0.20203050891044214,0.06091343366503574,0.0,0.0,0.0,0.06091343366503574,0.0,0.8781731326699287,0.0,36.48475532921051,32.383,4.723350298669029,8.47,47.32752444667828,44.0,0.2027324849047084,0.24422934750999192,0.03504766986674429,0.04963663967144283,0.7972675150952915,0.7557706524900082,0.03504766986674431,0.04963663967144279,0.12394996288274517,0.0927
50_25_EW,ethanol,50.0,Sodalite,Sodalite,0.8232552892496288,0.20203050891044214,0.0,0.8232552892496288,0.0,0.0,0.17674471075037135,0.0,0.0,0.0,39.34477090572369,27.423,3.750878867584446,6.703,50.50876451544467,61.0,0.46443327213527463,0.33617803206562163,0.07715075354157677,0.10083120286379575,0.5355667278647251,0.6638219679343783,0.07715075354157674,0.10083120286379577,0.05463580502386775,0.0
50_25_WW,water,50.0,ZIF-C,ZIF-C,0.8232552892496288,0.20203050891044214,0.06629312146555268,0.0,0.0,0.0,0.11045158928481867,0.0,0.8232552892496288,0.0,36.978165546582055,29.102,5.818187161388568,6.014,48.20320547603163,31.0,0.21927153914592545,0.20229451005071106,0.03438325576399064,0.05515639802916624,0.7807284608540745,0.7977054899492889,0.03438325576399065,0.05515639802916625,0.10112219538843016,0.055
50_26_EW,ethanol,50.0,Sodalite,Sodalite,1.0,0.20203050891044214,0.0,1.0,0.0,0.0,0.0,0.0,0.0,0.0,64.52677282934246,26.106,3.6675994789353235,2.585,62.57872063117991,57.0,0.4121959327686009,0.4230523248063196,0.07439280508358044,0.028107816714512263,0.5878040672313991,0.5769476751936804,0.07439280508358043,0.02810781671451221,0.05476279154721098,0.0475
50_26_WW,water,50.0,Sodalite,Amorphous,0.5000000000000001,0.20203050891044214,0.5000000000000001,0.43370687853444734,0.0,0.0,0.0,0.0,0.06629312146555269,0.0,68.1234758878736,20.49,2.92518876564688,2.956,57.160103381575766,59.0,0.11839629127187412,0.2708853489425826,0.030823439789319618,0.0438162035468481,0.8816037087281257,0.7291146510574174,0.030823439789319635,0.04381620354684817,0.12230912042398223,0.1262
50_27_EW,ethanol,50.0,Sodalite,Sodalite,1.0000000000000002,0.20203050891044214,0.0,1.0000000000000002,0.0,0.0,0.0,0.0,0.0,0.0,56.42174316611389,86.184,3.20017302397136,1.608,56.688857188946045,65.0,0.46128535969742207,0.46747978096543963,0.0770525586562751,0.051978492139360385,0.5387146403025779,0.5325202190345604,0.07705255865627506,0.051978492139360316,0.04350111971170381,0.0577
50_27_WW,water,50.0,Amorphous,Sodalite,0.5127943755281015,0.20203050891044214,0.10148844115893048,0.5127943755281015,0.06091343366503573,0.0,0.0,0.0,0.32480374964793246,0.0,59.41638676917377,89.489,2.974774157218168,2.441,52.90843563187897,,0.2145509621899047,0.0,0.03399228279695589,0.0,0.7854490378100949,1.0,0.03399228279695591,0.0,0.0912470758082,0.121
50_28_EW,ethanol,50.0,Sodalite,Sodalite,1.0000000000000002,0.20203050891044214,0.0,1.0000000000000002,0.0,0.0,0.0,0.0,0.0,0.0,62.082609707165275,44.545,2.603337953499234,3.583,50.67947816732285,42.0,0.5094140750146271,0.5792322015549981,0.07822926370738992,0.09824517412852873,0.4905859249853728,0.42076779844500195,0.07822926370738992,0.09824517412852868,0.02008219499012894,0.0049
50_28_WW,water,50.0,ZIF-C,ZIF-C,0.6346212428581731,0.20203050891044214,0.10148844115893048,0.10148844115893046,0.1624018748239662,0.0,0.0,0.0,0.6346212428581731,0.0,63.06665965900096,53.66,3.285150085847419,3.904,42.26992652918793,36.0,0.24517683540192337,0.1758252053424972,0.029029636624369484,0.037619851394117186,0.7548231645980764,0.8241747946575028,0.029029636624369505,0.03761985139411714,0.08760613320477402,0.1537
50_29_EW,ethanol,50.0,Sodalite,Sodalite,1.0,0.20203050891044214,0.0,1.0,0.0,0.0,0.0,0.0,0.0,0.0,49.70450966045239,75.04,3.26743249793666,2.655,46.17896440561935,35.0,0.509904564788332,0.6382367074486016,0.07855055328504076,0.10184310428112606,0.49009543521166793,0.36176329255139833,0.07855055328504075,0.10184310428112606,0.01298124832128917,0.0096
50_29_WW,water,50.0,ZIF-C,ZIF-C,0.7569621677840761,0.20203050891044214,0.0,0.06629312146555268,0.17674471075037135,0.0,0.0,0.0,0.7569621677840761,0.0,55.43168035922098,72.68,4.041510558698112,0.887,39.382613239544206,30.0,0.26604868941666904,0.25107712250100944,0.03802143090332498,0.01891934565182298,0.7339513105833307,0.7489228774989906,0.03802143090332499,0.018919345651823107,0.07972092007145905,0.0688
50_30_EW,ethanol,50.0,Sodalite,Sodalite,0.9999999999999999,0.20203050891044208,0.0,0.9999999999999999,0.0,0.0,0.0,0.0,0.0,0.0,73.98850048225502,49.306,1.8674005052105498,4.866,54.60312943969456,65.0,0.4477479181057661,0.4061192738728694,0.06537336291604799,0.0942124013513759,0.552252081894234,0.5938807261271307,0.06537336291604799,0.09421240135137585,0.03852972904223865,0.0597
50_30_WW,water,50.0,Sodalite,Sodalite,0.6104515892848186,0.20203050891044208,0.32325528924962865,0.6104515892848186,0.06629312146555268,0.0,0.0,0.0,0.0,0.0,68.93657702712397,58.686,2.1368525918791392,4.583,46.5070099577169,61.0,0.20469900791669063,0.2769858555721403,0.041133284184124416,0.08393627653398747,0.7953009920833093,0.7230141444278596,0.041133284184124416,0.08393627653398755,0.11095828366237906,0.1069
50_31_EW,ethanol,50.0,Sodalite,Sodalite,1.0000000000000002,0.20203050891044208,0.0,1.0000000000000002,0.0,0.0,0.0,0.0,0.0,0.0,79.32180666215946,78.282,1.7117435660380187,0.912,52.052350505643616,55.0,0.4928115634087745,0.5425071542541834,0.0683100503954154,0.040253217356505354,0.5071884365912254,0.4574928457458167,0.0683100503954154,0.040253217356505354,0.03108284197909881,0.0151
50_31_WW,water,50.0,Sodalite,Sodalite,0.39851155884106965,0.20203050891044208,0.1624018748239662,0.39851155884106965,0.2638903159828967,0.0,0.0,0.0,0.17519625035206765,0.0,79.50278389386385,86.477,2.531210972873537,1.628,42.36520248299159,49.0,0.278107370814456,0.16333294030567208,0.03352983129937675,0.049782713391129864,0.721892629185544,0.836667059694328,0.03352983129937675,0.049782713391129906,0.09849258891484895,0.0216
50_32_EW,ethanol,50.0,Sodalite,Sodalite,0.9999999999999999,0.20203050891044208,0.0,0.9999999999999999,0.0,0.0,0.0,0.0,0.0,0.0,75.75087952164598,90.237,1.8375544645669586,0.977,40.555531109253636,60.0,0.5436131742577042,0.4295663226499649,0.071008085709769,0.05699325674594045,0.4563868257422961,0.570433677350035,0.07100808570976902,0.056993256745940454,0.01618118778229379,0.0099
50_32_WW,water,50.0,Diamondoid,ZIF-C,0.41978254296629525,0.20203050891044208,0.06629312146555266,0.17674471075037135,0.33717962481778063,0.0,0.0,0.0,0.41978254296629525,0.0,78.27748612628808,95.938,1.8399876694219994,1.969,37.794545492050155,29.0,0.2719067865852632,0.6009436516808594,0.036314656621437305,0.022316481118434598,0.7280932134147369,0.39905634831914055,0.03631465662143732,0.02231648111843468,0.08870017732837561,0.0187
50_33_EW,ethanol,50.0,Sodalite,Sodalite,1.0,0.20203050891044208,0.0,1.0,0.0,0.0,0.0,0.0,0.0,0.0,76.6380277931849,63.591,2.29317329321721,2.135,49.01636570938375,60.0,0.49633325420371077,0.4370493471508247,0.08371450162801476,0.01916289945445358,0.5036667457962892,0.5629506528491753,0.08371450162801479,0.019162899454453527,0.03241081773296526,0.0279
50_33_WW,water,50.0,Sodalite,Sodalite,0.5441584678192659,0.20203050891044208,0.21280369996481002,0.5441584678192659,0.17674471075037135,0.0,0.0,0.0,0.06629312146555268,0.0,84.45702357643329,64.402,2.006315935159255,2.82,42.45687179016998,59.0,0.25184797947595755,0.2641477754618686,0.03853633203635541,0.03215770924929761,0.7481520205240424,0.7358522245381313,0.0385363320363554,0.032157709249297575,0.09442735159868361,0.0718
50_34_EW,ethanol,50.0,Sodalite,Sodalite,1.0,0.20203050891044208,0.0,1.0,0.0,0.0,0.0,0.0,0.0,0.0,73.18990135869025,98.038,1.950907806450827,0.912,46.20437268886833,43.0,0.48781798543101806,0.6176183355785448,0.07099387349563191,0.06015495408052851,0.5121820145689819,0.3823816644214552,0.0709938734956319,0.06015495408052853,0.02609189403801791,0.0208
50_34_WW,water,50.0,Diamondoid,Sodalite,0.5441584678192659,0.20203050891044208,0.06629312146555266,0.5441584678192659,0.256962167784076,0.0,0.0,0.0,0.13258624293110535,0.0,76.18746408457488,101.358,2.371588716126981,0.418,38.81183624740543,35.0,0.3017588502972455,0.5404824081844658,0.047138216383358425,0.04660221592920839,0.6982411497027545,0.4595175918155343,0.047138216383358425,0.04660221592920831,0.06878984812218278,0.1298
50_35_EW,ethanol,50.0,Sodalite,Sodalite,1.0,0.20203050891044216,0.0,1.0,0.0,0.0,0.0,0.0,0.0,0.0,70.1392714839809,98.342,2.3821330377521006,0.804,46.783128243641855,49.0,0.46054033320675447,0.5237865882628711,0.06854403720863905,0.1213799625563755,0.5394596667932455,0.4762134117371289,0.06854403720863907,0.12137996255637555,0.032602626760135214,0.0311
50_35_WW,water,50.0,Sodalite,Sodalite,0.5974129301526523,0.20203050891044216,0.07506566972620071,0.5974129301526523,0.2656163740730112,0.0,0.0,0.0,0.061905026048135824,0.0,73.39549944708175,97.81,2.2205895449197586,0.296,36.36310043313745,47.0,0.3404723629806183,0.24121612268979198,0.050299445720891574,0.035819336012236344,0.6595276370193819,0.7587838773102079,0.05029944572089156,0.03581933601223631,0.09339119188641071,0.021
50_36_EW,ethanol,50.0,U13,U13,1.0,0.20203050891044216,0.0,0.0,0.0,0.0,1.0,0.0,0.0,0.0,40.86661862180781,36.743,4.6073415500777894,1.954,65.51058287594044,65.0,0.2652296928878127,0.3087869210663595,0.032266635530016324,0.04003023624308935,0.7347703071121874,0.6912130789336405,0.032266635530016324,0.040030236243089413,0.5500861862883032,0.3935
50_36_WW,water,50.0,U13,U13,0.672478599878853,0.20203050891044216,0.327521400121147,0.0,0.0,0.0,0.672478599878853,0.0,0.0,0.0,43.0062566479775,42.228,3.164720237873309,6.683,57.002205452674694,46.0,0.133696184009649,0.19184373339395266,0.014104929588704474,0.07222725913746503,0.866303815990351,0.8081562666060473,0.014104929588704488,0.07222725913746507,0.552678497378922,1.0
75_01_EW,ethanol,75.0,Amorphous,Amorphous,0.5239411328473785,0.20203050891044216,0.5239411328473785,0.4760588671526214,0.0,0.0,0.0,0.0,0.0,0.0,65.45539769369076,91.812,3.3192747395421374,0.273,80.40636940397016,,0.11345437945570964,0.0,0.019490424302639208,0.0,0.8865456205442904,1.0,0.019490424302639205,0.0,0.5114209411783084,1.0
75_01_WW,water,75.0,Amorphous,Amorphous,0.7999798188326347,0.20203050891044216,0.7999798188326347,0.06568290325633697,0.0,0.0,0.0,0.0,0.13433727791102837,0.0,62.06438593942198,90.945,2.596911786806678,2.46,74.96668577049881,,0.03347526940676063,0.0,0.006096619319683269,0.0,0.9665247305932395,1.0,0.006096619319683271,0.0,0.6712791832041,0.9239
75_02_EW,ethanol,75.0,Amorphous,Amorphous,0.513924335568152,0.20203050891044208,0.513924335568152,0.486075664431848,0.0,0.0,0.0,0.0,0.0,0.0,62.85476679397566,83.445,2.8950292994773403,0.568,81.27276873259244,,0.1073994397075535,0.0,0.024054684120527147,0.0,0.8926005602924464,1.0,0.02405468412052714,0.0,0.5748814127291167,0.6495
75_02_WW,water,75.0,Amorphous,Amorphous,0.756962167784076,0.20203050891044208,0.756962167784076,0.06629312146555268,0.0,0.0,0.0,0.0,0.17674471075037135,0.0,65.0469225976784,89.328,2.595050286240938,4.204,69.99954394148313,,0.038321320887101704,0.0,0.004834885129200576,0.0,0.9616786791128983,1.0,0.004834885129200578,0.0,0.7454052261715471,0.8141
75_03_EW,ethanol,75.0,Amorphous,Sodalite,0.48607566443184796,0.20203050891044208,0.4034727462833333,0.48607566443184796,0.0,0.0,0.11045158928481864,0.0,0.0,0.0,60.15636352159498,86.81,3.3211301841491223,1.503,82.51855292738796,,0.1169488217018522,0.0,0.03019871993717504,0.0,0.8830511782981479,1.0,0.030198719937175034,0.0,0.5126970732411074,0.9157
75_03_WW,water,75.0,Amorphous,Amorphous,0.6465105784992573,0.20203050891044208,0.6465105784992573,0.0,0.0,0.0,0.0,0.0,0.35348942150074264,0.0,65.60159437241889,87.901,3.023708440889011,0.571,72.37633262194822,,0.059353685372534784,0.0,0.008016681519503716,0.0,0.9406463146274652,1.0,0.008016681519503722,0.0,0.6910073814646085,1.0
75_04_EW,ethanol,75.0,U13,Sodalite,0.3534894215007427,0.20203050891044214,0.32325528924962865,0.3534894215007427,0.0,0.0,0.3232552892496287,0.0,0.0,0.0,60.71235153734787,85.537,3.7549828450676572,1.25,81.76383363669038,83.0,0.1368505611639142,0.1732126584596462,0.030687754912854893,0.08015483618814202,0.8631494388360856,0.8267873415403537,0.0306877549128549,0.08015483618814194,0.5902440256023425,0.9674
75_04_WW,water,75.0,Amorphous,Amorphous,0.6465105784992574,0.20203050891044214,0.6465105784992574,0.0,0.0,0.0,0.0,0.0,0.3534894215007427,0.0,64.62723418059706,93.038,2.702392246676371,2.966,71.18816631097413,,0.06726134272346314,0.0,0.003629361196954964,0.0,0.9327386572765368,1.0,0.003629361196954974,0.0,0.7017813773826117,0.9656
75_05_EW,ethanol,75.0,U13,U13,0.6243759248529708,0.20203050891044214,0.13258624293110535,0.24303783221592407,0.0,0.0,0.6243759248529708,0.0,0.0,0.0,60.72673033414707,82.172,3.551459714293911,2.32,80.52212899554394,83.0,0.182104484471292,0.23435730080629766,0.04379484608335295,0.06079078835641651,0.817895515528708,0.7656426991937023,0.043794846083352955,0.06079078835641647,0.651503702315562,1.0
75_05_WW,water,75.0,Amorphous,Amorphous,0.7569621677840761,0.20203050891044214,0.7569621677840761,0.0,0.0,0.0,0.0,0.0,0.24303783221592407,0.0,59.854217262836855,88.472,3.1689834546061655,1.997,65.81648196370979,,0.05048469274356583,0.0,0.003709567359005438,0.0,0.9495153072564342,1.0,0.0037095673590054447,0.0,0.6965282985524466,0.936
75_06_EW,ethanol,75.0,U13,U13,0.9999999999999999,0.20203050891044208,0.0,0.0,0.0,0.0,0.9999999999999999,0.0,0.0,0.0,44.64422335375377,73.806,4.658766191998162,2.728,70.29490833344758,85.0,0.2554602388820313,0.34465007009904175,0.04243021728145383,0.027694662781616437,0.7445397611179689,0.6553499299009583,0.042430217281453825,0.027694662781616416,0.7515573998233585,0.8438
75_06_WW,water,75.0,Amorphous,Amorphous,0.6906690463185232,0.20203050891044208,0.6906690463185232,0.0,0.0,0.0,0.243037832215924,0.0,0.06629312146555266,0.0,50.9655431797111,81.814,3.490588036357125,1.188,63.21502794861151,,0.06197689467418857,0.0,0.0071439697743767155,0.0,0.9380231053258116,1.0,0.0071439697743767225,0.0,0.7161280788940091,1.0
75_07_EW,ethanol,75.0,U13,U13,0.9337068785344473,0.20203050891044208,0.0,0.06629312146555268,0.0,0.0,0.9337068785344473,0.0,0.0,0.0,29.035375628218045,50.253,4.877509806910008,5.633,63.614168576780735,74.0,0.2694385866281381,0.42095075202748017,0.041725355887732886,0.03420041533517433,0.7305614133718621,0.5790492479725199,0.04172535588773288,0.03420041533517436,0.6086762096043029,1.0
75_07_WW,water,75.0,Amorphous,Amorphous,0.6023521106799913,0.20203050891044208,0.6023521106799913,0.0,0.0,0.0,0.39764788932000866,0.0,0.0,0.0,38.26154627011334,52.708,3.815745096496085,2.289,47.23831139344831,,0.08541717354189572,0.0,0.014006991150904119,0.0,0.9145828264581043,1.0,0.014006991150904133,0.0,0.7198077611699772,0.6341
75_08_EW,ethanol,75.0,Sodalite,Sodalite,0.6465105784992573,0.20203050891044208,0.35348942150074264,0.6465105784992573,0.0,0.0,0.0,0.0,0.0,0.0,50.90236558271012,50.344,3.4426468584107797,4.827,79.29672185870622,82.0,0.1769942003672261,0.19035104410520218,0.036831053201041804,0.022867125915242426,0.8230057996327739,0.8096489558947978,0.03683105320104179,0.022867125915242457,0.39719993920084895,0.3326
75_08_WW,water,75.0,Amorphous,Amorphous,0.6465105784992573,0.20203050891044208,0.6465105784992573,0.17674471075037135,0.0,0.0,0.0,0.0,0.17674471075037135,0.0,53.261839479473686,35.967,3.180184209730263,2.81,66.81152013092043,,0.06668116200088459,0.0,0.007872261830801017,0.0,0.9333188379991154,1.0,0.007872261830801015,0.0,0.5901568976169812,0.3025
75_09_EW,ethanol,75.0,Sodalite,Sodalite,0.6751962503520678,0.20203050891044208,0.3248037496479324,0.6751962503520678,0.0,0.0,0.0,0.0,0.0,0.0,50.624585285727356,13.332,4.464411864753141,2.593,80.39211840840457,80.0,0.1759549551229558,0.18824434207587895,0.033190745650168274,0.06850645221332408,0.8240450448770442,0.8117556579241211,0.033190745650168274,0.06850645221332402,0.40871739582645045,0.207
75_09_WW,water,75.0,ZIF-C,Amorphous,0.649607499295865,0.20203050891044208,0.649607499295865,0.10148844115893048,0.0,0.0,0.0,0.0,0.2489040595452048,0.0,50.06005518019862,38.392,2.8827468346895584,5.448,68.49679893792053,73.0,0.0555131821762096,0.1683520112458563,0.009169362223543616,0.013879696459312937,0.9444868178237905,0.8316479887541438,0.009169362223543627,0.013879696459312937,0.5551705579114941,0.231
75_10_EW,ethanol,75.0,Sodalite,Sodalite,0.7361096840171035,0.20203050891044214,0.10148844115893046,0.7361096840171035,0.0,0.0,0.16240187482396623,0.0,0.0,0.0,44.786766442489,22.881,3.96762905825579,9.07,80.20298391186076,84.0,0.20515089596647712,0.1669378953472476,0.04817467107525412,0.04106202429934601,0.7948491040335228,0.8330621046527525,0.048174671075254104,0.04106202429934605,0.4551423296930165,0.3902
75_10_WW,water,75.0,ZIF-C,ZIF-C,0.5127943755281016,0.20203050891044214,0.426292190806863,0.06091343366503573,0.0,0.0,0.0,0.0,0.5127943755281016,0.0,46.07784977067876,27.121,4.1660502108931805,1.614,71.74996021758626,59.0,0.11004050850025558,0.16055886157683327,0.010824843057509385,0.005317408373439786,0.8899594914997445,0.8394411384231667,0.01082484305750939,0.005317408373439849,0.4205481056490274,0.438
75_11_EW,ethanol,75.0,Sodalite,Sodalite,0.5609134336650359,0.20203050891044214,0.1346212428581729,0.5609134336650359,0.0,0.0,0.30446532347679145,0.0,0.0,0.0,42.851385872189915,32.793,4.102939699928557,4.022,71.43523615760274,87.0,0.2219856214686547,0.09259420273665124,0.062021763966170096,0.021557684870816347,0.7780143785313453,0.9074057972633488,0.0620217639661701,0.021557684870816347,0.44643305388507215,0.4367
75_11_WW,water,75.0,ZIF-C,Amorphous,0.5737078091931374,0.20203050891044214,0.5737078091931374,0.0,0.0,0.0,0.0,0.0,0.4262921908068629,0.0,43.70641644634389,23.982,3.980438171467603,5.048,58.71373963760425,77.0,0.08351301855732969,0.20802993135547268,0.007388425766996682,0.0046294528285721085,0.9164869814426703,0.7919700686445271,0.007388425766996694,0.004629452828572127,0.4965444045903794,0.201
75_12_EW,ethanol,75.0,U13,U13,0.5127943755281015,0.20203050891044214,0.0,0.4872056244718987,0.0,0.0,0.5127943755281015,0.0,0.0,0.0,37.77154829747428,35.248,3.8960431141006087,3.9,67.49413903491912,80.0,0.2693478184317515,0.1569443270256445,0.05617936056490904,0.02384059272832933,0.7306521815682485,0.8430556729743556,0.05617936056490904,0.023840592728329384,0.48242453221490517,0.5447
75_12_WW,water,75.0,Amorphous,ZIF-C,0.4872056244718987,0.20203050891044214,0.3375981251760338,0.0,0.0,0.0,0.17519625035206762,0.0,0.4872056244718987,0.0,37.21889108973285,38.345,4.489834883780998,6.383,62.38991900685221,,0.14068331805338477,0.0,0.019918213250841154,0.0,0.859316681946615,1.0,0.01991821325084117,0.0,0.46517548016688764,0.5814
75_13_EW,ethanol,75.0,U13,U13,0.7970231176821394,0.20203050891044208,0.0,0.20297688231786093,0.0,0.0,0.7970231176821394,0.0,0.0,0.0,32.693990944784645,24.427,4.421047470939321,5.598,66.06162677649824,74.0,0.2633364636273432,0.25791380637724276,0.04192577703731033,0.052860068743499196,0.7366635363726568,0.7420861936227574,0.04192577703731032,0.05286006874349913,0.6130041397613631,0.8579
75_13_WW,water,75.0,U13,Amorphous,0.6624018748239664,0.20203050891044208,0.6624018748239664,0.0,0.0,0.0,0.2361096840171034,0.0,0.10148844115893046,0.0,30.118892144816105,24.267,4.510906508298749,4.951,53.665660187177174,57.0,0.06096256176451693,0.2316575747478622,0.007863254539247255,0.024661145430876157,0.9390374382354831,0.7683424252521377,0.00786325453924726,0.024661145430876216,0.6009590009366961,0.5423
75_14_EW,ethanol,75.0,U13,U13,0.8232552892496287,0.20203050891044208,0.0,0.17674471075037135,0.0,0.0,0.8232552892496287,0.0,0.0,0.0,28.336594116662532,22.972,4.667985793714702,5.513,66.76034518415867,47.0,0.2784397906225997,0.25095079980091195,0.04865772058652303,0.025355377002376965,0.7215602093774004,0.7490492001990882,0.04865772058652301,0.025355377002376934,0.49382812446331914,0.9852
75_14_WW,water,75.0,U13,Amorphous,0.5662931214655527,0.20203050891044208,0.5662931214655527,0.0,0.0,0.0,0.3674137570688946,0.0,0.06629312146555268,0.0,28.00479056586399,19.702,4.736789592969465,2.229,48.27844428863851,44.0,0.09075462464638157,0.21631632241499332,0.01500143454478397,0.027188612529479465,0.9092453753536184,0.7836836775850067,0.01500143454478399,0.027188612529479454,0.5491137292532726,0.5598
75_15_EW,ethanol,75.0,Sodalite,Sodalite,0.9337068785344472,0.20203050891044208,0.06629312146555268,0.9337068785344472,0.0,0.0,0.0,0.0,0.0,0.0,32.83539930536073,38.704,4.394522225246093,7.302,76.13207784258036,72.0,0.2741704406500067,0.31064154595860555,0.05462280250550478,0.053789652866878646,0.7258295593499934,0.6893584540413945,0.05462280250550477,0.05378965286687874,0.21154982261016764,0.084
75_15_WW,water,75.0,Sodalite,Amorphous,0.698879364396658,0.20203050891044208,0.698879364396658,0.1906690463185233,0.0,0.0,0.0,0.0,0.11045158928481867,0.0,38.81790648406799,32.733,3.9548538079611437,3.143,60.93718866410776,70.0,0.07856280017074878,0.16009922057074472,0.014253102877264725,0.02485801895500625,0.9214371998292512,0.8399007794292553,0.014253102877264726,0.024858018955006257,0.27720810815395674,0.1416
75_16_EW,ethanol,75.0,Sodalite,Sodalite,1.0000000000000002,0.20203050891044214,0.0,1.0000000000000002,0.0,0.0,0.0,0.0,0.0,0.0,34.60872542568962,27.428,5.227194997853327,2.887,68.87496194548746,83.0,0.2920917068425092,0.3180067045993763,0.053437797354179105,0.08470238780471467,0.7079082931574906,0.6819932954006237,0.053437797354179126,0.08470238780471465,0.15979983186867186,0.1268
75_16_WW,water,75.0,Amorphous,ZIF-C,0.4262921908068629,0.20203050891044214,0.2489040595452048,0.3248037496479324,0.0,0.0,0.0,0.0,0.4262921908068629,0.0,33.27775860578859,28.262,4.130443904019818,3.732,60.99904436580746,,0.18187455885034032,0.0,0.029693983821017154,0.0,0.8181254411496595,1.0,0.029693983821017168,0.0,0.1659831723872917,0.2211
75_17_EW,ethanol,75.0,Sodalite,Sodalite,0.8781731326699287,0.20203050891044214,0.0,0.8781731326699287,0.0,0.0,0.12182686733007148,0.0,0.0,0.0,42.3371344302159,17.061,4.637580021174732,5.729,68.08808256764601,61.0,0.2897380539911945,0.30632193360995263,0.07939806928677033,0.04480727488273057,0.7102619460088053,0.6936780663900474,0.07939806928677035,0.0448072748827306,0.24846337461543397,0.0654
75_17_WW,water,75.0,ZIF-C,ZIF-C,0.5533693830219962,0.20203050891044214,0.32480374964793246,0.12182686733007148,0.0,0.0,0.0,0.0,0.5533693830219962,0.0,38.59486254638164,27.691,3.830061330524666,6.866,62.381833665766415,70.0,0.13750709600920358,0.22734594517938547,0.01393758016903198,0.007135365979918814,0.8624929039907964,0.7726540548206146,0.013937580169031986,0.007135365979918838,0.24839913605319464,0.1104
75_18_EW,ethanol,75.0,Sodalite,Sodalite,0.8375981251760339,0.20203050891044214,0.0,0.8375981251760339,0.0,0.0,0.16240187482396623,0.0,0.0,0.0,38.42786538455756,25.154,4.5805612952900425,3.623,62.390254165364816,42.0,0.3055042987332173,0.2687844789097057,0.06198441784590193,0.14394308085945828,0.6944957012667826,0.7312155210902943,0.06198441784590191,0.14394308085945834,0.1987828911916153,0.2441
75_18_WW,water,75.0,ZIF-C,ZIF-C,0.7157712578459624,0.20203050891044214,0.2842287421540377,0.0,0.0,0.0,0.0,0.0,0.7157712578459624,0.0,33.89331186647019,19.321,5.372612490266681,6.102,58.657281719788976,54.0,0.1504637961001094,0.2543779463216394,0.019462946133429634,0.042926464684075266,0.8495362038998907,0.7456220536783605,0.019462946133429648,0.04292646468407527,0.24062846834443768,0.1235
75_19_EW,ethanol,75.0,Sodalite,Sodalite,0.6751962503520678,0.20203050891044214,0.0,0.6751962503520678,0.0,0.0,0.3248037496479324,0.0,0.0,0.0,28.13906653511853,23.382,4.337778043348714,1.995,53.14695734063411,59.0,0.31082124260778854,0.21507330165203517,0.06860818364237505,0.04772767463037828,0.6891787573922115,0.7849266983479648,0.06860818364237505,0.04772767463037821,0.27090307908333483,0.0929
75_19_WW,water,75.0,ZIF-C,ZIF-C,0.5609134336650359,0.20203050891044214,0.2766846915109981,0.0,0.0,0.0,0.1624018748239662,0.0,0.5609134336650359,0.0,25.267226278484657,25.694,5.570004052519258,7.726,50.699153475679964,55.0,0.17438669720738156,0.15422185650535677,0.027506517929828698,0.025199300759025694,0.8256133027926184,0.8457781434946433,0.027506517929828705,0.02519930075902572,0.25641064801949537,0.1516
75_20_EW,ethanol,75.0,Sodalite,U13,0.6465105784992573,0.20203050891044208,0.0,0.3534894215007426,0.0,0.0,0.6465105784992573,0.0,0.0,0.0,23.304798730249495,22.367,5.466154733647292,1.621,64.63680198186593,38.0,0.2927343448811916,0.17387228023811496,0.05937324837186978,0.055426414937850305,0.7072656551188087,0.8261277197618849,0.05937324837186975,0.05542641493785028,0.4385852914985321,0.1706
75_20_WW,water,75.0,Amorphous,ZIF-C,0.3534894215007426,0.20203050891044208,0.34538994289591535,0.0,0.0,0.0,0.301120635603342,0.0,0.3534894215007426,0.0,24.588470350515895,25.789,5.120586604636283,6.688,46.41864510101475,53.0,0.1428084306273544,0.0,0.02365077270347715,0.0,0.8571915693726456,1.0,0.023650772703477155,0.0,0.38040931720912946,0.2576
75_21_EW,ethanol,75.0,Sodalite,Sodalite,1.0,0.20203050891044214,0.0,1.0,0.0,0.0,0.0,0.0,0.0,0.0,37.52874239594318,24.58,4.489972126949642,5.236,67.92544163368377,64.0,0.36089784983965734,0.40259326614489427,0.05984165433792251,0.10280923550337204,0.6391021501603427,0.5974067338551056,0.059841654337922524,0.10280923550337205,0.08053457419750178,0.0782
75_21_WW,water,75.0,Sodalite,Sodalite,0.5139243355681521,0.20203050891044214,0.3534894215007427,0.5139243355681521,0.0,0.0,0.0,0.0,0.13258624293110538,0.0,36.16139676777821,26.455,4.19226134784598,1.672,59.7762548041798,51.0,0.18192346363795947,0.3096934459886603,0.03432277416591921,0.09391416290865012,0.8180765363620406,0.6903065540113397,0.034322774165919216,0.09391416290865019,0.12723622566468137,0.0374
75_22_EW,ethanol,75.0,Sodalite,Sodalite,1.0000000000000002,0.20203050891044214,0.0,1.0000000000000002,0.0,0.0,0.0,0.0,0.0,0.0,41.310012401743805,80.182,4.664742746552839,4.429,66.60464872998277,66.0,0.35018675302077834,0.31133790295112324,0.07797127227299658,0.031820154278466004,0.6498132469792214,0.6886620970488767,0.07797127227299659,0.031820154278466045,0.09169938757117424,0.1655
75_22_WW,water,75.0,Amorphous,Sodalite,0.43908656633496435,0.20203050891044214,0.17519625035206765,0.43908656633496435,0.0,0.0,0.0,0.0,0.38571718331296817,0.0,36.077236247828495,74.68,3.6314793719522456,3.024,56.521166227975755,67.0,0.19296426903105268,0.0,0.034213860819283036,0.0,0.8070357309689473,1.0,0.03421386081928305,0.0,0.14786292648633184,0.1498
75_23_EW,ethanol,75.0,Sodalite,Sodalite,1.0000000000000002,0.20203050891044214,0.0,1.0000000000000002,0.0,0.0,0.0,0.0,0.0,0.0,42.367759859817276,47.909,4.589784491423548,4.162,56.951727292735896,57.0,0.3475570099065197,0.447414186249222,0.0712994826559143,0.09501205715710268,0.6524429900934802,0.552585813750778,0.07129948265591432,0.09501205715710265,0.09995424960504881,0.0221
75_23_WW,water,75.0,ZIF-C,ZIF-C,0.6751962503520678,0.20203050891044214,0.1624018748239662,0.16240187482396623,0.0,0.0,0.0,0.0,0.6751962503520678,0.0,40.18702538518261,33.113,4.236974444142305,3.291,55.085491002427226,51.0,0.18001990888068325,0.14667635364943074,0.024551112335327897,0.003826695940526707,0.8199800911193167,0.8533236463505692,0.024551112335327908,0.0038266959405267326,0.127923542597877,0.1956
75_24_EW,ethanol,75.0,Sodalite,Sodalite,0.9390865663349645,0.20203050891044214,0.0,0.9390865663349645,0.0,0.0,0.06091343366503574,0.0,0.0,0.0,39.56916490252293,31.957,3.5969462718823495,6.253,52.798755814919396,44.0,0.4120745942757273,0.4152824194279936,0.09916863970100977,0.03929163497644981,0.5879254057242727,0.5847175805720064,0.09916863970100975,0.039291634976449774,0.08273134920524819,0.0225
75_24_WW,water,75.0,ZIF-C,ZIF-C,0.8172596990048929,0.20203050891044214,0.12182686733007148,0.06091343366503574,0.0,0.0,0.0,0.0,0.8172596990048929,0.0,36.54567063813711,31.686,5.150406216488828,5.048,47.42976538499304,42.0,0.1769090897602656,0.23509065071707966,0.02575472059303718,0.03260631945453126,0.8230909102397345,0.7649093492829202,0.025754720593037184,0.032606319454531275,0.16208846839951846,0.0844
75_25_EW,ethanol,75.0,Sodalite,Sodalite,0.801120635603342,0.20203050891044214,0.0,0.801120635603342,0.0,0.0,0.19887936439665804,0.0,0.0,0.0,33.420370082051754,23.474,3.831152460955548,7.678,53.198545393275324,62.0,0.3774977109686217,0.4263269751131556,0.06494118107570185,0.19523460855816216,0.6225022890313782,0.5736730248868444,0.06494118107570183,0.19523460855816208,0.11252231619729988,0.0148
75_25_WW,water,75.0,ZIF-C,ZIF-C,0.7569621677840761,0.20203050891044214,0.17674471075037135,0.0,0.0,0.0,0.06629312146555268,0.0,0.7569621677840761,0.0,30.464411630465914,26.74,5.409600206541993,7.817,42.822351806842875,50.0,0.1659663966505553,0.2798318533066623,0.028688334349400824,0.07612459460375026,0.8340336033494445,0.7201681466933377,0.028688334349400817,0.07612459460375026,0.1567121132378282,0.1168
75_26_EW,ethanol,75.0,Sodalite,Sodalite,1.0,0.20203050891044214,0.0,1.0,0.0,0.0,0.0,0.0,0.0,0.0,46.71228554478417,28.084,3.6522716392074606,11.328,58.98723997186569,70.0,0.3930793192890439,0.38211534996183283,0.07580488583654073,0.08407969425500822,0.6069206807109561,0.6178846500381671,0.07580488583654073,0.08407969425500826,0.06847538181102918,0.0185
75_26_WW,water,75.0,Sodalite,Sodalite,0.6243759248529708,0.20203050891044214,0.30933095368147673,0.6243759248529708,0.0,0.0,0.0,0.0,0.06629312146555269,0.0,47.51761159676664,16.563,2.405045871562234,3.923,44.80659270447163,39.0,0.2282544715277621,0.4345290387213104,0.03965916341298493,0.15465672677229533,0.7717455284722379,0.5654709612786896,0.03965916341298493,0.15465672677229533,0.09515168940724165,0.0398
75_27_EW,ethanol,75.0,Sodalite,Sodalite,1.0000000000000002,0.20203050891044214,0.0,1.0000000000000002,0.0,0.0,0.0,0.0,0.0,0.0,50.09009152340934,84.608,4.194304606315417,1.047,48.92211254757895,62.0,0.39245049180058666,0.3208969397970414,0.09134521957377467,0.014854684239972493,0.6075495081994131,0.6791030602029585,0.09134521957377464,0.014854684239972576,0.037494719374184006,0.0731
75_27_WW,water,75.0,Sodalite,Sodalite,0.5000000000000001,0.20203050891044214,0.17519625035206765,0.5000000000000001,0.0,0.0,0.0,0.0,0.32480374964793246,0.0,48.82709622130235,89.328,3.413355083985406,1.427,41.56790712471656,57.0,0.2465026758705202,0.15703393809097205,0.04847481231576803,0.007036715632497458,0.7534973241294796,0.8429660619090279,0.04847481231576803,0.007036715632497484,0.08644983372692899,0.1148
75_28_EW,ethanol,75.0,Sodalite,Sodalite,1.0000000000000002,0.20203050891044214,0.0,1.0000000000000002,0.0,0.0,0.0,0.0,0.0,0.0,47.06725525667181,77.047,3.4786643322796897,1.54,39.13834256020275,47.0,0.439608514387483,0.39187961645808517,0.07631040850752263,0.13328927670762386,0.5603914856125167,0.6081203835419148,0.07631040850752263,0.13328927670762383,0.032559473712700376,0.0022
75_28_WW,water,75.0,ZIF-C,ZIF-C,0.5609134336650359,0.20203050891044214,0.0,0.3375981251760338,0.10148844115893046,0.0,0.0,0.0,0.5609134336650359,0.0,49.25449667099934,60.403,4.294110154112443,2.899,39.43373439660151,43.0,0.24307486218019525,0.17448508343121036,0.031024639876261088,0.01633659900620019,0.7569251378198045,0.8255149165687895,0.03102463987626108,0.016336599006200176,0.0960261589531102,0.1227
75_29_EW,ethanol,75.0,Sodalite,Sodalite,1.0,0.20203050891044214,0.0,1.0,0.0,0.0,0.0,0.0,0.0,0.0,45.36379420274524,53.073,3.7802853485886594,2.076,40.678187076604786,39.0,0.45253610467936983,0.5891086094730295,0.08678455553815922,0.04173585189928584,0.5474638953206301,0.4108913905269705,0.08678455553815921,0.04173585189928587,0.01671495539177107,0.0045
75_29_WW,water,75.0,ZIF-C,ZIF-C,0.7569621677840761,0.20203050891044214,0.0,0.0,0.243037832215924,0.0,0.0,0.0,0.7569621677840761,0.0,41.285395426179214,55.083,4.3861264969920555,2.77,34.24997253661374,30.0,0.2840611311521326,0.21295271018275005,0.03851206340181389,0.02370554298096732,0.7159388688478675,0.7870472898172499,0.03851206340181389,0.023705542980967272,0.07646293765182191,0.0839
75_30_EW,ethanol,75.0,Sodalite,Sodalite,0.9999999999999999,0.20203050891044208,0.0,0.9999999999999999,0.0,0.0,0.0,0.0,0.0,0.0,50.01730511049848,34.815,3.0718494600718196,4.873,45.55375523905103,29.0,0.42661263698286456,0.4291211264692078,0.06829963678416844,0.18820014371976101,0.5733873630171354,0.5708788735307923,0.06829963678416844,0.18820014371976101,0.029760778210179792,0.0177
75_30_WW,water,75.0,Sodalite,Sodalite,0.9337068785344472,0.20203050891044208,0.06629312146555266,0.9337068785344472,0.0,0.0,0.0,0.0,0.0,0.0,52.66045942686427,30.409,3.136447544004279,1.804,37.38215202873519,12.0,0.31325933181108884,0.4735898665152842,0.05758288303712993,0.14047539998111544,0.6867406681889111,0.5264101334847159,0.05758288303712993,0.14047539998111538,0.06169912286354394,0.0151
75_31_EW,ethanol,75.0,Sodalite,Sodalite,1.0000000000000002,0.20203050891044208,0.0,1.0000000000000002,0.0,0.0,0.0,0.0,0.0,0.0,47.2285268386719,79.998,2.8997631272823563,0.319,31.917269602087444,25.0,0.46007214089864235,0.33427446098286456,0.09236232315730629,0.07387868790251884,0.5399278591013577,0.6657255390171354,0.09236232315730628,0.07387868790251888,0.018485890405334125,0.002
75_31_WW,water,75.0,Sodalite,Sodalite,0.7970231176821394,0.20203050891044208,0.0,0.7970231176821394,0.10148844115893048,0.0,0.0,0.0,0.10148844115893046,0.0,45.11836911630378,93.056,2.840652787828509,4.388,21.711387924921283,48.0,0.4009485870861103,0.16239696299036224,0.06330101948011232,0.007067800267889947,0.5990514129138895,0.8376030370096378,0.06330101948011231,0.007067800267889974,0.03972358729255781,0.0522
75_32_EW,ethanol,75.0,Sodalite,Sodalite,0.9999999999999999,0.20203050891044208,0.0,0.9999999999999999,0.0,0.0,0.0,0.0,0.0,0.0,57.50492024856327,33.064,2.5151206786710327,3.922,33.10579150652851,12.0,0.48828023944769106,0.4551616579813886,0.08027961877201745,0.06296724279008357,0.511719760552309,0.5448383420186115,0.08027961877201745,0.0629672427900836,0.007024380841687853,0.0085
75_32_WW,water,75.0,Diamondoid,ZIF-C,0.41978254296629525,0.20203050891044208,0.0,0.3534894215007427,0.22672803553296195,0.0,0.0,0.0,0.41978254296629525,0.0,58.620054854237665,37.93,2.6926792960324297,2.756,27.798680247716014,11.0,0.3502474062825333,0.4609851252910368,0.03624198942049574,0.042030660534932714,0.6497525937174666,0.5390148747089633,0.036241989420495724,0.04203066053493274,0.06392518024047071,0.0114
75_33_EW,ethanol,75.0,Sodalite,Sodalite,1.0,0.20203050891044208,0.0,1.0,0.0,0.0,0.0,0.0,0.0,0.0,48.310168323084106,21.814,2.9700099923646217,3.085,29.62137890096942,12.0,0.4561238118446739,0.4462610759887789,0.0921798037118943,0.12745199470651633,0.5438761881553261,0.553738924011221,0.0921798037118943,0.12745199470651633,0.01976492645996881,0.0022
75_33_WW,water,75.0,Sodalite,Sodalite,0.8674137570688947,0.20203050891044208,0.0,0.8674137570688947,0.13258624293110532,0.0,0.0,0.0,0.0,0.0,52.95829752787509,32.06,3.2198504161226573,1.532,26.29268718587717,6.0,0.3912977864359241,0.5000720386598009,0.05773116693047392,0.1284141081108455,0.6087022135640758,0.49992796134019907,0.05773116693047389,0.12841410811084547,0.04110903437297079,0.0202
75_34_EW,ethanol,75.0,Sodalite,Sodalite,1.0,0.20203050891044208,0.0,1.0,0.0,0.0,0.0,0.0,0.0,0.0,51.98821497308649,41.455,2.9985921456379914,3.525,27.01436624075997,17.0,0.47955041129189707,0.43500822698762337,0.09507568435123032,0.08142919752308639,0.5204495887081029,0.5649917730123767,0.09507568435123032,0.0814291975230864,0.011105618545802845,0.0034
75_34_WW,water,75.0,Sodalite,Sodalite,0.6104515892848187,0.20203050891044208,0.0,0.6104515892848187,0.32325528924962865,0.0,0.0,0.0,0.06629312146555268,0.0,55.678991809916916,24.906,2.6675004764883634,4.128,23.055640962798673,8.0,0.4370103578572278,0.42813606250993225,0.06278634676946751,0.03938620614103443,0.5629896421427723,0.5718639374900677,0.06278634676946748,0.03938620614103435,0.0407128959961952,0.0115
75_35_EW,ethanol,75.0,Sodalite,Sodalite,1.0,0.20203050891044216,0.0,1.0,0.0,0.0,0.0,0.0,0.0,0.0,50.408199517947274,25.963,2.3816326989735424,8.217,27.95450193325925,6.0,0.4805552248279912,0.5516264342992808,0.09215161944348783,0.11676666334981385,0.5194447751720088,0.4483735657007191,0.09215161944348782,0.11676666334981388,0.015579901025388782,0.0
75_35_WW,water,75.0,Sodalite,Sodalite,0.859022374220981,0.20203050891044216,0.0,0.859022374220981,0.14097762577901893,0.0,0.0,0.0,0.0,0.0,49.45889706405266,42.15,2.9669966973997504,4.894,21.237468051891177,4.0,0.43751278692651563,0.5090242823271716,0.056959502983034295,0.1260168563815447,0.5624872130734846,0.4909757176728284,0.05695950298303427,0.12601685638154464,0.03481302911763528,0.013
75_36_EW,ethanol,75.0,U13,U13,0.934317096743663,0.20203050891044216,0.0,0.06568290325633697,0.0,0.0,0.934317096743663,0.0,0.0,0.0,29.159414029561752,17.665,4.744540805214281,4.632,63.973854787051884,55.0,0.29722273816403433,0.4275390710094411,0.03995143695760674,0.08525567433510542,0.7027772618359658,0.5724609289905588,0.039951436957606716,0.08525567433510536,0.6803812553195573,0.0369
75_36_WW,water,75.0,U13,Amorphous,0.6328515422118511,0.20203050891044216,0.6328515422118511,0.0,0.0,0.0,0.36714845778814886,0.0,0.0,0.0,33.243183434940654,9.496,4.150672972382464,2.724,47.69926507327004,38.0,0.07989788101941167,0.21022626176955805,0.014032385066826442,0.03161504999281802,0.9201021189805885,0.789773738230442,0.014032385066826447,0.031615049992818084,0.7113709282788295,0.2474
